"id","property_id","image_url","cover","image_order","image_status","image_token"
47,19,https://dwelly.ap-south-1.linodeobjects.com/DWELLY_19_0.jpeg,0,2,1,1
49,19,https://dwelly.ap-south-1.linodeobjects.com/DWELLY_19_2.jpeg,0,4,1,1
50,19,https://dwelly.ap-south-1.linodeobjects.com/DWELLY_19_3.jpeg,0,5,1,1
51,19,https://dwelly.ap-south-1.linodeobjects.com/DWELLY_19_4.jpeg,0,6,1,1
53,19,https://dwelly.ap-south-1.linodeobjects.com/DWELLY_19_6.jpeg,0,8,1,1
55,19,https://dwelly.ap-south-1.linodeobjects.com/DWELLY_19_8.jpeg,0,10,1,1
56,19,https://dwelly.ap-south-1.linodeobjects.com/DWELLY_19_9.jpeg,1,1,1,1
57,20,https://dwelly.ap-south-1.linodeobjects.com/DWELLY_20_0.jpeg,0,12,1,1
58,20,https://dwelly.ap-south-1.linodeobjects.com/DWELLY_20_1.jpeg,1,1,1,1
61,20,https://dwelly.ap-south-1.linodeobjects.com/DWELLY_20_4.jpeg,0,3,1,1
64,20,https://dwelly.ap-south-1.linodeobjects.com/DWELLY_20_7.jpeg,0,15,1,1
68,20,https://dwelly.ap-south-1.linodeobjects.com/DWELLY_20_11.jpeg,0,17,1,1
69,20,https://dwelly.ap-south-1.linodeobjects.com/DWELLY_20_12.jpeg,0,16,1,1
70,20,https://dwelly.ap-south-1.linodeobjects.com/DWELLY_20_13.jpeg,0,23,1,1
71,20,https://dwelly.ap-south-1.linodeobjects.com/DWELLY_20_14.jpeg,0,6,1,1
78,20,https://dwelly.ap-south-1.linodeobjects.com/DWELLY_20_21.jpeg,0,24,1,1
80,20,https://dwelly.ap-south-1.linodeobjects.com/DWELLY_20_23.jpeg,0,26,1,1
82,20,https://dwelly.ap-south-1.linodeobjects.com/DWELLY_20_25.jpeg,0,27,1,1
83,20,https://dwelly.ap-south-1.linodeobjects.com/DWELLY_20_26.jpeg,0,29,1,1
85,20,https://dwelly.ap-south-1.linodeobjects.com/DWELLY_20_28.jpeg,0,30,1,1
86,20,https://dwelly.ap-south-1.linodeobjects.com/DWELLY_20_29.jpeg,0,31,1,1
87,20,https://dwelly.ap-south-1.linodeobjects.com/DWELLY_20_30.jpeg,0,32,1,1
88,20,https://dwelly.ap-south-1.linodeobjects.com/DWELLY_20_31.jpeg,0,10,1,1
89,22,https://dwelly.ap-south-1.linodeobjects.com/DWELLY_22_0.jpeg,0,5,1,1
90,22,https://dwelly.ap-south-1.linodeobjects.com/DWELLY_22_1.jpeg,0,7,1,1
91,22,https://dwelly.ap-south-1.linodeobjects.com/DWELLY_22_2.jpeg,0,9,1,1
93,22,https://dwelly.ap-south-1.linodeobjects.com/DWELLY_22_4.jpeg,0,10,1,1
94,22,https://dwelly.ap-south-1.linodeobjects.com/DWELLY_22_5.jpeg,0,11,1,1
95,22,https://dwelly.ap-south-1.linodeobjects.com/DWELLY_22_6.jpeg,0,12,1,1
96,22,https://dwelly.ap-south-1.linodeobjects.com/DWELLY_22_7.jpeg,0,16,1,1
100,22,https://dwelly.ap-south-1.linodeobjects.com/DWELLY_22_11.jpeg,0,6,1,1
101,22,https://dwelly.ap-south-1.linodeobjects.com/DWELLY_22_12.jpeg,0,18,1,1
102,22,https://dwelly.ap-south-1.linodeobjects.com/DWELLY_22_13.jpeg,0,17,1,1
103,22,https://dwelly.ap-south-1.linodeobjects.com/DWELLY_22_14.jpeg,0,19,1,1
105,22,https://dwelly.ap-south-1.linodeobjects.com/DWELLY_22_16.jpeg,0,24,1,1
106,22,https://dwelly.ap-south-1.linodeobjects.com/DWELLY_22_17.jpeg,0,20,1,1
107,22,https://dwelly.ap-south-1.linodeobjects.com/DWELLY_22_18.jpeg,0,21,1,1
109,22,https://dwelly.ap-south-1.linodeobjects.com/DWELLY_22_20.jpeg,0,2,1,1
111,22,https://dwelly.ap-south-1.linodeobjects.com/DWELLY_22_22.jpeg,1,1,1,1
113,23,https://dwelly.ap-south-1.linodeobjects.com/DWELLY_23_0.jpeg,0,11,1,1
114,23,https://dwelly.ap-south-1.linodeobjects.com/DWELLY_23_1.jpeg,0,4,1,1
115,23,https://dwelly.ap-south-1.linodeobjects.com/DWELLY_23_2.jpeg,0,9,1,1
116,23,https://dwelly.ap-south-1.linodeobjects.com/DWELLY_23_3.jpeg,0,5,1,1
117,23,https://dwelly.ap-south-1.linodeobjects.com/DWELLY_23_4.jpeg,0,6,1,1
118,23,https://dwelly.ap-south-1.linodeobjects.com/DWELLY_23_5.jpeg,0,8,1,1
119,23,https://dwelly.ap-south-1.linodeobjects.com/DWELLY_23_6.jpeg,0,2,1,1
120,23,https://dwelly.ap-south-1.linodeobjects.com/DWELLY_23_7.jpeg,0,10,1,1
121,23,https://dwelly.ap-south-1.linodeobjects.com/DWELLY_23_8.jpeg,1,1,1,1
122,23,https://dwelly.ap-south-1.linodeobjects.com/DWELLY_23_9.jpeg,0,3,1,1
123,23,https://dwelly.ap-south-1.linodeobjects.com/DWELLY_23_10.jpeg,0,7,1,1
124,24,https://dwelly.ap-south-1.linodeobjects.com/DWELLY_24_0.jpeg,0,4,1,1
125,24,https://dwelly.ap-south-1.linodeobjects.com/DWELLY_24_1.jpeg,0,5,1,1
126,24,https://dwelly.ap-south-1.linodeobjects.com/DWELLY_24_2.jpeg,0,12,1,1
127,24,https://dwelly.ap-south-1.linodeobjects.com/DWELLY_24_3.jpeg,0,6,1,1
128,24,https://dwelly.ap-south-1.linodeobjects.com/DWELLY_24_4.jpeg,0,7,1,1
129,24,https://dwelly.ap-south-1.linodeobjects.com/DWELLY_24_5.jpeg,0,8,1,1
130,24,https://dwelly.ap-south-1.linodeobjects.com/DWELLY_24_6.jpeg,0,9,1,1
131,24,https://dwelly.ap-south-1.linodeobjects.com/DWELLY_24_7.jpeg,0,10,1,1
132,24,https://dwelly.ap-south-1.linodeobjects.com/DWELLY_24_8.jpeg,0,13,1,1
133,24,https://dwelly.ap-south-1.linodeobjects.com/DWELLY_24_9.jpeg,0,11,1,1
134,24,https://dwelly.ap-south-1.linodeobjects.com/DWELLY_24_10.jpeg,0,14,1,1
135,24,https://dwelly.ap-south-1.linodeobjects.com/DWELLY_24_11.jpeg,1,1,1,1
136,24,https://dwelly.ap-south-1.linodeobjects.com/DWELLY_24_12.jpeg,0,2,1,1
137,24,https://dwelly.ap-south-1.linodeobjects.com/DWELLY_24_13.jpeg,0,3,1,1
138,25,https://dwelly.ap-south-1.linodeobjects.com/DWELLY_25_0.jpeg,0,2,1,1
139,25,https://dwelly.ap-south-1.linodeobjects.com/DWELLY_25_1.jpeg,0,4,1,1
140,25,https://dwelly.ap-south-1.linodeobjects.com/DWELLY_25_2.jpeg,0,5,1,1
141,25,https://dwelly.ap-south-1.linodeobjects.com/DWELLY_25_3.jpeg,0,3,1,1
142,25,https://dwelly.ap-south-1.linodeobjects.com/DWELLY_25_4.jpeg,1,1,1,1
143,25,https://dwelly.ap-south-1.linodeobjects.com/DWELLY_25_5.jpeg,0,10,1,1
144,25,https://dwelly.ap-south-1.linodeobjects.com/DWELLY_25_6.jpeg,0,6,1,1
145,25,https://dwelly.ap-south-1.linodeobjects.com/DWELLY_25_7.jpeg,0,7,1,1
146,25,https://dwelly.ap-south-1.linodeobjects.com/DWELLY_25_8.jpeg,0,8,1,1
147,25,https://dwelly.ap-south-1.linodeobjects.com/DWELLY_25_9.jpeg,0,9,1,1
149,26,https://dwelly.ap-south-1.linodeobjects.com/DWELLY_26_1.jpeg,1,1,1,1
150,26,https://dwelly.ap-south-1.linodeobjects.com/DWELLY_26_2.jpeg,0,2,1,1
151,26,https://dwelly.ap-south-1.linodeobjects.com/DWELLY_26_3.jpeg,0,3,1,1
152,26,https://dwelly.ap-south-1.linodeobjects.com/DWELLY_26_4.jpeg,0,4,1,1
153,26,https://dwelly.ap-south-1.linodeobjects.com/DWELLY_26_5.jpeg,0,7,1,1
154,26,https://dwelly.ap-south-1.linodeobjects.com/DWELLY_26_6.jpeg,0,5,1,1
155,27,https://dwelly.ap-south-1.linodeobjects.com/DWELLY_27_0.jpeg,0,9,1,1
156,27,https://dwelly.ap-south-1.linodeobjects.com/DWELLY_27_1.jpeg,0,2,1,1
157,27,https://dwelly.ap-south-1.linodeobjects.com/DWELLY_27_2.jpeg,0,3,1,1
158,27,https://dwelly.ap-south-1.linodeobjects.com/DWELLY_27_3.jpeg,0,4,1,1
159,27,https://dwelly.ap-south-1.linodeobjects.com/DWELLY_27_4.jpeg,0,5,1,1
160,27,https://dwelly.ap-south-1.linodeobjects.com/DWELLY_27_5.jpeg,0,6,1,1
161,27,https://dwelly.ap-south-1.linodeobjects.com/DWELLY_27_6.jpeg,1,1,1,1
162,27,https://dwelly.ap-south-1.linodeobjects.com/DWELLY_27_7.jpeg,0,10,1,1
163,27,https://dwelly.ap-south-1.linodeobjects.com/DWELLY_27_8.jpeg,0,7,1,1
164,27,https://dwelly.ap-south-1.linodeobjects.com/DWELLY_27_9.jpeg,0,8,1,1
165,28,https://dwelly.ap-south-1.linodeobjects.com/DWELLY_28_0.jpeg,1,1,1,1
166,28,https://dwelly.ap-south-1.linodeobjects.com/DWELLY_28_1.jpeg,0,13,1,1
167,28,https://dwelly.ap-south-1.linodeobjects.com/DWELLY_28_2.jpeg,0,14,1,1
168,28,https://dwelly.ap-south-1.linodeobjects.com/DWELLY_28_3.jpeg,0,15,1,1
169,28,https://dwelly.ap-south-1.linodeobjects.com/DWELLY_28_4.jpeg,0,19,1,1
170,28,https://dwelly.ap-south-1.linodeobjects.com/DWELLY_28_5.jpeg,0,20,1,1
171,28,https://dwelly.ap-south-1.linodeobjects.com/DWELLY_28_6.jpeg,0,8,1,1
172,28,https://dwelly.ap-south-1.linodeobjects.com/DWELLY_28_7.jpeg,0,9,1,1
173,28,https://dwelly.ap-south-1.linodeobjects.com/DWELLY_28_8.jpeg,0,16,1,1
174,28,https://dwelly.ap-south-1.linodeobjects.com/DWELLY_28_9.jpeg,0,17,1,1
175,28,https://dwelly.ap-south-1.linodeobjects.com/DWELLY_28_10.jpeg,0,18,1,1
176,28,https://dwelly.ap-south-1.linodeobjects.com/DWELLY_28_11.jpeg,0,2,1,1
177,28,https://dwelly.ap-south-1.linodeobjects.com/DWELLY_28_12.jpeg,0,4,1,1
178,28,https://dwelly.ap-south-1.linodeobjects.com/DWELLY_28_13.jpeg,0,5,1,1
179,28,https://dwelly.ap-south-1.linodeobjects.com/DWELLY_28_14.jpeg,0,6,1,1
180,28,https://dwelly.ap-south-1.linodeobjects.com/DWELLY_28_15.jpeg,0,10,1,1
181,28,https://dwelly.ap-south-1.linodeobjects.com/DWELLY_28_16.jpeg,0,11,1,1
182,28,https://dwelly.ap-south-1.linodeobjects.com/DWELLY_28_17.jpeg,0,12,1,1
183,28,https://dwelly.ap-south-1.linodeobjects.com/DWELLY_28_18.jpeg,0,3,1,1
184,28,https://dwelly.ap-south-1.linodeobjects.com/DWELLY_28_19.jpeg,0,7,1,1
185,28,https://dwelly.ap-south-1.linodeobjects.com/DWELLY_28_20.jpeg,0,21,1,1
186,28,https://dwelly.ap-south-1.linodeobjects.com/DWELLY_28_21.jpeg,0,22,1,1
187,28,https://dwelly.ap-south-1.linodeobjects.com/DWELLY_28_22.jpeg,0,23,1,1
188,29,https://dwelly.ap-south-1.linodeobjects.com/DWELLY_29_0.jpeg,1,1,1,1
189,29,https://dwelly.ap-south-1.linodeobjects.com/DWELLY_29_1.jpeg,0,2,1,1
190,29,https://dwelly.ap-south-1.linodeobjects.com/DWELLY_29_2.jpeg,0,5,1,1
191,29,https://dwelly.ap-south-1.linodeobjects.com/DWELLY_29_3.jpeg,0,4,1,1
192,29,https://dwelly.ap-south-1.linodeobjects.com/DWELLY_29_4.jpeg,0,3,1,1
193,29,https://dwelly.ap-south-1.linodeobjects.com/DWELLY_29_5.jpeg,0,6,1,1
194,29,https://dwelly.ap-south-1.linodeobjects.com/DWELLY_29_6.jpeg,0,12,1,1
195,29,https://dwelly.ap-south-1.linodeobjects.com/DWELLY_29_7.jpeg,0,7,1,1
196,29,https://dwelly.ap-south-1.linodeobjects.com/DWELLY_29_8.jpeg,0,8,1,1
197,29,https://dwelly.ap-south-1.linodeobjects.com/DWELLY_29_9.jpeg,0,9,1,1
198,29,https://dwelly.ap-south-1.linodeobjects.com/DWELLY_29_10.jpeg,0,13,1,1
199,29,https://dwelly.ap-south-1.linodeobjects.com/DWELLY_29_11.jpeg,0,10,1,1
200,29,https://dwelly.ap-south-1.linodeobjects.com/DWELLY_29_12.jpeg,0,11,1,1
201,30,https://dwelly.ap-south-1.linodeobjects.com/DWELLY_30_0.jpeg,1,1,1,1
202,30,https://dwelly.ap-south-1.linodeobjects.com/DWELLY_30_1.jpeg,0,2,1,1
203,30,https://dwelly.ap-south-1.linodeobjects.com/DWELLY_30_2.jpeg,0,3,1,1
204,30,https://dwelly.ap-south-1.linodeobjects.com/DWELLY_30_3.jpeg,0,4,1,1
205,30,https://dwelly.ap-south-1.linodeobjects.com/DWELLY_30_4.jpeg,0,5,1,1
206,30,https://dwelly.ap-south-1.linodeobjects.com/DWELLY_30_5.jpeg,0,6,1,1
207,31,https://dwelly.ap-south-1.linodeobjects.com/DWELLY_31_0.jpeg,1,1,1,1
208,31,https://dwelly.ap-south-1.linodeobjects.com/DWELLY_31_1.jpeg,0,12,1,1
209,31,https://dwelly.ap-south-1.linodeobjects.com/DWELLY_31_13.jpeg,0,3,1,1
210,31,https://dwelly.ap-south-1.linodeobjects.com/DWELLY_31_14.jpeg,0,4,1,1
211,31,https://dwelly.ap-south-1.linodeobjects.com/DWELLY_31_15.jpeg,0,5,1,1
212,31,https://dwelly.ap-south-1.linodeobjects.com/DWELLY_31_16.jpeg,0,7,1,1
213,31,https://dwelly.ap-south-1.linodeobjects.com/DWELLY_31_17.jpeg,0,11,1,1
214,31,https://dwelly.ap-south-1.linodeobjects.com/DWELLY_31_18.jpeg,0,13,1,1
215,31,https://dwelly.ap-south-1.linodeobjects.com/DWELLY_31_19.jpeg,0,6,1,1
216,31,https://dwelly.ap-south-1.linodeobjects.com/DWELLY_31_20.jpeg,0,8,1,1
217,31,https://dwelly.ap-south-1.linodeobjects.com/DWELLY_31_21.jpeg,0,9,1,1
218,31,https://dwelly.ap-south-1.linodeobjects.com/DWELLY_31_22.jpeg,0,10,1,1
219,31,https://dwelly.ap-south-1.linodeobjects.com/DWELLY_31_23.jpeg,0,14,1,1
220,31,https://dwelly.ap-south-1.linodeobjects.com/DWELLY_31_24.jpeg,0,2,1,1
221,32,https://dwelly.ap-south-1.linodeobjects.com/DWELLY_32_0.jpeg,0,2,1,1
222,32,https://dwelly.ap-south-1.linodeobjects.com/DWELLY_32_1.jpeg,1,1,1,1
223,32,https://dwelly.ap-south-1.linodeobjects.com/DWELLY_32_2.jpeg,0,3,1,1
224,32,https://dwelly.ap-south-1.linodeobjects.com/DWELLY_32_3.jpeg,0,4,1,1
225,32,https://dwelly.ap-south-1.linodeobjects.com/DWELLY_32_4.jpeg,0,5,1,1
226,32,https://dwelly.ap-south-1.linodeobjects.com/DWELLY_32_5.jpeg,0,7,1,1
227,32,https://dwelly.ap-south-1.linodeobjects.com/DWELLY_32_6.jpeg,0,6,1,1
228,34,https://dwelly.ap-south-1.linodeobjects.com/DWELLY_34_0.jpeg,0,2,1,1
229,34,https://dwelly.ap-south-1.linodeobjects.com/DWELLY_34_1.jpeg,1,1,1,1
230,34,https://dwelly.ap-south-1.linodeobjects.com/DWELLY_34_2.jpeg,0,4,1,1
231,34,https://dwelly.ap-south-1.linodeobjects.com/DWELLY_34_3.jpeg,0,5,1,1
232,34,https://dwelly.ap-south-1.linodeobjects.com/DWELLY_34_4.jpeg,0,6,1,1
233,34,https://dwelly.ap-south-1.linodeobjects.com/DWELLY_34_5.jpeg,0,7,1,1
234,34,https://dwelly.ap-south-1.linodeobjects.com/DWELLY_34_6.jpeg,0,3,1,1
235,34,https://dwelly.ap-south-1.linodeobjects.com/DWELLY_34_7.jpeg,0,8,1,1
236,34,https://dwelly.ap-south-1.linodeobjects.com/DWELLY_34_8.jpeg,0,9,1,1
237,34,https://dwelly.ap-south-1.linodeobjects.com/DWELLY_34_9.jpeg,0,10,1,1
238,33,https://dwelly.ap-south-1.linodeobjects.com/DWELLY_33_0.jpeg,1,1,1,1
239,33,https://dwelly.ap-south-1.linodeobjects.com/DWELLY_33_6.jpeg,0,7,1,1
240,33,https://dwelly.ap-south-1.linodeobjects.com/DWELLY_33_7.jpeg,0,2,1,1
241,33,https://dwelly.ap-south-1.linodeobjects.com/DWELLY_33_8.jpeg,0,3,1,1
242,33,https://dwelly.ap-south-1.linodeobjects.com/DWELLY_33_9.jpeg,0,4,1,1
243,33,https://dwelly.ap-south-1.linodeobjects.com/DWELLY_33_10.jpeg,0,5,1,1
244,33,https://dwelly.ap-south-1.linodeobjects.com/DWELLY_33_11.jpeg,0,6,1,1
245,36,https://dwelly.ap-south-1.linodeobjects.com/DWELLY_36_0.jpeg,1,1,1,1
246,36,https://dwelly.ap-south-1.linodeobjects.com/DWELLY_36_1.jpeg,0,3,1,1
247,36,https://dwelly.ap-south-1.linodeobjects.com/DWELLY_36_2.jpeg,0,4,1,1
248,36,https://dwelly.ap-south-1.linodeobjects.com/DWELLY_36_3.jpeg,0,5,1,1
249,36,https://dwelly.ap-south-1.linodeobjects.com/DWELLY_36_4.jpeg,0,6,1,1
250,36,https://dwelly.ap-south-1.linodeobjects.com/DWELLY_36_5.jpeg,0,7,1,1
251,36,https://dwelly.ap-south-1.linodeobjects.com/DWELLY_36_6.jpeg,0,2,1,1
252,37,https://dwelly.ap-south-1.linodeobjects.com/DWELLY_37_0.jpeg,1,1,1,1
253,37,https://dwelly.ap-south-1.linodeobjects.com/DWELLY_37_1.jpeg,0,4,1,1
254,37,https://dwelly.ap-south-1.linodeobjects.com/DWELLY_37_2.jpeg,0,2,1,1
255,37,https://dwelly.ap-south-1.linodeobjects.com/DWELLY_37_3.jpeg,0,5,1,1
256,37,https://dwelly.ap-south-1.linodeobjects.com/DWELLY_37_4.jpeg,0,3,1,1
257,37,https://dwelly.ap-south-1.linodeobjects.com/DWELLY_37_5.jpeg,0,6,1,1
258,37,https://dwelly.ap-south-1.linodeobjects.com/DWELLY_37_6.jpeg,0,7,1,1
259,37,https://dwelly.ap-south-1.linodeobjects.com/DWELLY_37_7.jpeg,0,8,1,1
260,38,https://dwelly.ap-south-1.linodeobjects.com/DWELLY_38_0.jpeg,1,1,1,1
261,38,https://dwelly.ap-south-1.linodeobjects.com/DWELLY_38_1.jpeg,0,10,0,1
262,38,https://dwelly.ap-south-1.linodeobjects.com/DWELLY_38_2.jpeg,0,2,0,1
263,38,https://dwelly.ap-south-1.linodeobjects.com/DWELLY_38_3.jpeg,0,20,1,1
264,38,https://dwelly.ap-south-1.linodeobjects.com/DWELLY_38_4.jpeg,0,21,1,1
265,38,https://dwelly.ap-south-1.linodeobjects.com/DWELLY_38_5.jpeg,0,4,0,1
266,38,https://dwelly.ap-south-1.linodeobjects.com/DWELLY_38_6.jpeg,0,5,1,1
267,38,https://dwelly.ap-south-1.linodeobjects.com/DWELLY_38_7.jpeg,0,22,0,1
268,38,https://dwelly.ap-south-1.linodeobjects.com/DWELLY_38_8.jpeg,0,23,0,1
269,38,https://dwelly.ap-south-1.linodeobjects.com/DWELLY_38_9.jpeg,0,15,0,1
270,38,https://dwelly.ap-south-1.linodeobjects.com/DWELLY_38_10.jpeg,0,14,0,1
271,38,https://dwelly.ap-south-1.linodeobjects.com/DWELLY_38_11.jpeg,0,16,1,1
272,38,https://dwelly.ap-south-1.linodeobjects.com/DWELLY_38_12.jpeg,0,3,0,1
273,38,https://dwelly.ap-south-1.linodeobjects.com/DWELLY_38_13.jpeg,0,17,0,1
274,38,https://dwelly.ap-south-1.linodeobjects.com/DWELLY_38_14.jpeg,0,7,1,1
275,38,https://dwelly.ap-south-1.linodeobjects.com/DWELLY_38_15.jpeg,0,8,1,1
276,38,https://dwelly.ap-south-1.linodeobjects.com/DWELLY_38_16.jpeg,0,9,1,1
277,38,https://dwelly.ap-south-1.linodeobjects.com/DWELLY_38_17.jpeg,0,11,1,1
278,38,https://dwelly.ap-south-1.linodeobjects.com/DWELLY_38_18.jpeg,0,12,1,1
279,38,https://dwelly.ap-south-1.linodeobjects.com/DWELLY_38_19.jpeg,0,13,1,1
280,38,https://dwelly.ap-south-1.linodeobjects.com/DWELLY_38_20.jpeg,0,18,1,1
281,38,https://dwelly.ap-south-1.linodeobjects.com/DWELLY_38_21.jpeg,0,19,1,1
282,38,https://dwelly.ap-south-1.linodeobjects.com/DWELLY_38_22.jpeg,0,6,1,1
283,39,https://dwelly.ap-south-1.linodeobjects.com/DWELLY_39_0.jpeg,1,1,1,1
284,39,https://dwelly.ap-south-1.linodeobjects.com/DWELLY_39_1.jpeg,0,3,1,1
285,39,https://dwelly.ap-south-1.linodeobjects.com/DWELLY_39_2.jpeg,0,2,1,1
286,39,https://dwelly.ap-south-1.linodeobjects.com/DWELLY_39_3.jpeg,0,5,1,1
287,39,https://dwelly.ap-south-1.linodeobjects.com/DWELLY_39_4.jpeg,0,6,1,1
288,39,https://dwelly.ap-south-1.linodeobjects.com/DWELLY_39_5.jpeg,0,4,1,1
289,40,https://dwelly.ap-south-1.linodeobjects.com/DWELLY_40_0.jpeg,1,1,1,1
290,40,https://dwelly.ap-south-1.linodeobjects.com/DWELLY_40_1.jpeg,0,2,1,1
291,40,https://dwelly.ap-south-1.linodeobjects.com/DWELLY_40_2.jpeg,0,3,1,1
292,40,https://dwelly.ap-south-1.linodeobjects.com/DWELLY_40_3.jpeg,0,5,1,1
293,40,https://dwelly.ap-south-1.linodeobjects.com/DWELLY_40_4.jpeg,0,4,1,1
294,40,https://dwelly.ap-south-1.linodeobjects.com/DWELLY_40_5.jpeg,0,6,1,1
295,40,https://dwelly.ap-south-1.linodeobjects.com/DWELLY_40_6.jpeg,0,8,1,1
296,40,https://dwelly.ap-south-1.linodeobjects.com/DWELLY_40_7.jpeg,0,9,1,1
297,40,https://dwelly.ap-south-1.linodeobjects.com/DWELLY_40_8.jpeg,0,10,1,1
298,40,https://dwelly.ap-south-1.linodeobjects.com/DWELLY_40_9.jpeg,0,7,1,1
305,42,https://dwelly.ap-south-1.linodeobjects.com/DWELLY_42_0.jpeg,1,1,1,1
306,42,https://dwelly.ap-south-1.linodeobjects.com/DWELLY_42_1.jpeg,0,2,1,1
307,42,https://dwelly.ap-south-1.linodeobjects.com/DWELLY_42_2.jpeg,0,4,1,1
308,42,https://dwelly.ap-south-1.linodeobjects.com/DWELLY_42_3.jpeg,0,5,1,1
309,42,https://dwelly.ap-south-1.linodeobjects.com/DWELLY_42_4.jpeg,0,6,1,1
310,42,https://dwelly.ap-south-1.linodeobjects.com/DWELLY_42_5.jpeg,0,7,1,1
311,42,https://dwelly.ap-south-1.linodeobjects.com/DWELLY_42_6.jpeg,0,8,1,1
312,42,https://dwelly.ap-south-1.linodeobjects.com/DWELLY_42_7.jpeg,0,3,1,1
313,42,https://dwelly.ap-south-1.linodeobjects.com/DWELLY_42_8.jpeg,0,9,1,1
314,42,https://dwelly.ap-south-1.linodeobjects.com/DWELLY_42_9.jpeg,0,10,1,1
315,43,https://dwelly.ap-south-1.linodeobjects.com/DWELLY_43_0.jpeg,0,14,1,1
316,43,https://dwelly.ap-south-1.linodeobjects.com/DWELLY_43_1.jpeg,0,5,1,1
317,43,https://dwelly.ap-south-1.linodeobjects.com/DWELLY_43_2.jpeg,1,1,1,1
318,43,https://dwelly.ap-south-1.linodeobjects.com/DWELLY_43_3.jpeg,0,12,1,1
319,43,https://dwelly.ap-south-1.linodeobjects.com/DWELLY_43_4.jpeg,0,6,1,1
324,43,https://dwelly.ap-south-1.linodeobjects.com/DWELLY_43_9.jpeg,0,10,1,1
326,43,https://dwelly.ap-south-1.linodeobjects.com/DWELLY_43_11.jpeg,0,4,1,1
327,43,https://dwelly.ap-south-1.linodeobjects.com/DWELLY_43_12.jpeg,0,8,1,1
330,44,https://dwelly.ap-south-1.linodeobjects.com/DWELLY_44_0.jpeg,0,2,1,1
331,44,https://dwelly.ap-south-1.linodeobjects.com/DWELLY_44_1.jpeg,0,3,1,1
332,44,https://dwelly.ap-south-1.linodeobjects.com/DWELLY_44_2.jpeg,0,7,1,1
333,44,https://dwelly.ap-south-1.linodeobjects.com/DWELLY_44_3.jpeg,0,8,1,1
334,44,https://dwelly.ap-south-1.linodeobjects.com/DWELLY_44_4.jpeg,0,6,1,1
335,44,https://dwelly.ap-south-1.linodeobjects.com/DWELLY_44_5.jpeg,0,5,1,1
336,44,https://dwelly.ap-south-1.linodeobjects.com/DWELLY_44_6.jpeg,0,9,1,1
337,44,https://dwelly.ap-south-1.linodeobjects.com/DWELLY_44_7.jpeg,0,4,1,1
338,44,https://dwelly.ap-south-1.linodeobjects.com/DWELLY_44_8.jpeg,0,11,1,1
339,44,https://dwelly.ap-south-1.linodeobjects.com/DWELLY_44_9.jpeg,0,10,1,1
340,44,https://dwelly.ap-south-1.linodeobjects.com/DWELLY_44_10.jpeg,0,12,1,1
341,45,https://dwelly.ap-south-1.linodeobjects.com/DWELLY_45_0.jpeg,1,1,1,1
342,45,https://dwelly.ap-south-1.linodeobjects.com/DWELLY_45_1.jpeg,0,2,1,1
343,45,https://dwelly.ap-south-1.linodeobjects.com/DWELLY_45_2.jpeg,0,3,1,1
344,45,https://dwelly.ap-south-1.linodeobjects.com/DWELLY_45_3.jpeg,0,4,1,1
345,45,https://dwelly.ap-south-1.linodeobjects.com/DWELLY_45_4.jpeg,0,5,1,1
346,45,https://dwelly.ap-south-1.linodeobjects.com/DWELLY_45_5.jpeg,0,6,1,1
347,45,https://dwelly.ap-south-1.linodeobjects.com/DWELLY_45_6.jpeg,0,7,1,1
348,45,https://dwelly.ap-south-1.linodeobjects.com/DWELLY_45_7.jpeg,0,10,1,1
349,45,https://dwelly.ap-south-1.linodeobjects.com/DWELLY_45_8.jpeg,0,11,1,1
350,45,https://dwelly.ap-south-1.linodeobjects.com/DWELLY_45_9.jpeg,0,12,1,1
351,45,https://dwelly.ap-south-1.linodeobjects.com/DWELLY_45_10.jpeg,0,8,1,1
352,45,https://dwelly.ap-south-1.linodeobjects.com/DWELLY_45_11.jpeg,0,13,1,1
353,45,https://dwelly.ap-south-1.linodeobjects.com/DWELLY_45_12.jpeg,0,9,1,1
354,46,https://dwelly.ap-south-1.linodeobjects.com/DWELLY_46_0.jpeg,0,2,1,1
355,46,https://dwelly.ap-south-1.linodeobjects.com/DWELLY_46_1.jpeg,0,15,1,1
356,46,https://dwelly.ap-south-1.linodeobjects.com/DWELLY_46_2.jpeg,0,10,1,1
357,46,https://dwelly.ap-south-1.linodeobjects.com/DWELLY_46_3.jpeg,0,7,1,1
358,46,https://dwelly.ap-south-1.linodeobjects.com/DWELLY_46_4.jpeg,0,3,1,1
359,46,https://dwelly.ap-south-1.linodeobjects.com/DWELLY_46_5.jpeg,0,11,1,1
360,46,https://dwelly.ap-south-1.linodeobjects.com/DWELLY_46_6.jpeg,0,12,1,1
361,46,https://dwelly.ap-south-1.linodeobjects.com/DWELLY_46_7.jpeg,1,1,1,1
362,46,https://dwelly.ap-south-1.linodeobjects.com/DWELLY_46_8.jpeg,0,8,1,1
363,46,https://dwelly.ap-south-1.linodeobjects.com/DWELLY_46_9.jpeg,0,13,1,1
364,46,https://dwelly.ap-south-1.linodeobjects.com/DWELLY_46_10.jpeg,0,4,1,1
365,46,https://dwelly.ap-south-1.linodeobjects.com/DWELLY_46_11.jpeg,0,9,0,1
366,46,https://dwelly.ap-south-1.linodeobjects.com/DWELLY_46_12.jpeg,0,5,1,1
367,46,https://dwelly.ap-south-1.linodeobjects.com/DWELLY_46_13.jpeg,0,6,1,1
368,46,https://dwelly.ap-south-1.linodeobjects.com/DWELLY_46_14.jpeg,0,14,1,1
369,47,https://dwelly.ap-south-1.linodeobjects.com/DWELLY_47_0.jpeg,0,2,1,1
371,47,https://dwelly.ap-south-1.linodeobjects.com/DWELLY_47_2.jpeg,0,8,1,1
374,47,https://dwelly.ap-south-1.linodeobjects.com/DWELLY_47_5.jpeg,1,1,1,1
375,47,https://dwelly.ap-south-1.linodeobjects.com/DWELLY_47_6.jpeg,0,9,1,1
376,47,https://dwelly.ap-south-1.linodeobjects.com/DWELLY_47_7.jpeg,0,6,1,1
377,47,https://dwelly.ap-south-1.linodeobjects.com/DWELLY_47_8.jpeg,0,10,1,1
379,47,https://dwelly.ap-south-1.linodeobjects.com/DWELLY_47_10.jpeg,0,5,1,1
380,47,https://dwelly.ap-south-1.linodeobjects.com/DWELLY_47_11.jpeg,0,12,1,1
381,47,https://dwelly.ap-south-1.linodeobjects.com/DWELLY_47_12.jpeg,0,4,1,1
382,47,https://dwelly.ap-south-1.linodeobjects.com/DWELLY_47_13.jpeg,0,3,1,1
383,48,https://dwelly.ap-south-1.linodeobjects.com/DWELLY_48_0.jpeg,1,1,1,1
384,48,https://dwelly.ap-south-1.linodeobjects.com/DWELLY_48_1.jpeg,0,2,1,1
385,48,https://dwelly.ap-south-1.linodeobjects.com/DWELLY_48_2.jpeg,0,3,1,1
386,48,https://dwelly.ap-south-1.linodeobjects.com/DWELLY_48_3.jpeg,0,4,1,1
387,48,https://dwelly.ap-south-1.linodeobjects.com/DWELLY_48_4.jpeg,0,5,1,1
388,48,https://dwelly.ap-south-1.linodeobjects.com/DWELLY_48_5.jpeg,0,6,1,1
389,48,https://dwelly.ap-south-1.linodeobjects.com/DWELLY_48_6.jpeg,0,7,1,1
390,48,https://dwelly.ap-south-1.linodeobjects.com/DWELLY_48_7.jpeg,0,8,1,1
391,48,https://dwelly.ap-south-1.linodeobjects.com/DWELLY_48_8.jpeg,0,9,1,1
392,48,https://dwelly.ap-south-1.linodeobjects.com/DWELLY_48_9.jpeg,0,10,1,1
393,48,https://dwelly.ap-south-1.linodeobjects.com/DWELLY_48_10.jpeg,0,11,1,1
394,48,https://dwelly.ap-south-1.linodeobjects.com/DWELLY_48_11.jpeg,0,12,1,1
395,48,https://dwelly.ap-south-1.linodeobjects.com/DWELLY_48_12.jpeg,0,13,1,1
396,48,https://dwelly.ap-south-1.linodeobjects.com/DWELLY_48_13.jpeg,0,14,1,1
397,48,https://dwelly.ap-south-1.linodeobjects.com/DWELLY_48_14.jpeg,0,15,1,1
398,48,https://dwelly.ap-south-1.linodeobjects.com/DWELLY_48_15.jpeg,0,16,1,1
399,48,https://dwelly.ap-south-1.linodeobjects.com/DWELLY_48_16.jpeg,0,17,1,1
400,48,https://dwelly.ap-south-1.linodeobjects.com/DWELLY_48_17.jpeg,0,18,1,1
401,48,https://dwelly.ap-south-1.linodeobjects.com/DWELLY_48_18.jpeg,0,19,1,1
402,48,https://dwelly.ap-south-1.linodeobjects.com/DWELLY_48_19.jpeg,0,20,1,1
405,49,https://dwelly.ap-south-1.linodeobjects.com/DWELLY_49_2.jpeg,1,1,1,1
406,49,https://dwelly.ap-south-1.linodeobjects.com/DWELLY_49_3.jpeg,0,3,1,1
407,49,https://dwelly.ap-south-1.linodeobjects.com/DWELLY_49_4.jpeg,0,4,1,1
408,49,https://dwelly.ap-south-1.linodeobjects.com/DWELLY_49_5.jpeg,0,6,1,1
409,49,https://dwelly.ap-south-1.linodeobjects.com/DWELLY_49_6.jpeg,0,2,1,1
410,49,https://dwelly.ap-south-1.linodeobjects.com/DWELLY_49_7.jpeg,0,5,1,1
411,49,https://dwelly.ap-south-1.linodeobjects.com/DWELLY_49_8.jpeg,0,7,1,1
412,49,https://dwelly.ap-south-1.linodeobjects.com/DWELLY_49_9.jpeg,0,8,1,1
413,49,https://dwelly.ap-south-1.linodeobjects.com/DWELLY_49_10.jpeg,0,9,1,1
415,50,https://dwelly.ap-south-1.linodeobjects.com/DWELLY_50_0.jpeg,1,1,1,1
418,50,https://dwelly.ap-south-1.linodeobjects.com/DWELLY_50_3.jpeg,0,3,1,1
421,50,https://dwelly.ap-south-1.linodeobjects.com/DWELLY_50_6.jpeg,0,9,1,1
423,50,https://dwelly.ap-south-1.linodeobjects.com/DWELLY_50_8.jpeg,0,4,1,1
425,50,https://dwelly.ap-south-1.linodeobjects.com/DWELLY_50_10.jpeg,0,12,1,1
426,50,https://dwelly.ap-south-1.linodeobjects.com/DWELLY_50_11.jpeg,0,24,1,1
427,50,https://dwelly.ap-south-1.linodeobjects.com/DWELLY_50_12.jpeg,0,13,1,1
428,50,https://dwelly.ap-south-1.linodeobjects.com/DWELLY_50_13.jpeg,0,14,1,1
429,50,https://dwelly.ap-south-1.linodeobjects.com/DWELLY_50_14.jpeg,0,25,1,1
430,50,https://dwelly.ap-south-1.linodeobjects.com/DWELLY_50_15.jpeg,0,27,1,1
431,50,https://dwelly.ap-south-1.linodeobjects.com/DWELLY_50_16.jpeg,0,15,1,1
433,50,https://dwelly.ap-south-1.linodeobjects.com/DWELLY_50_18.jpeg,0,29,1,1
434,50,https://dwelly.ap-south-1.linodeobjects.com/DWELLY_50_19.jpeg,0,23,1,1
435,50,https://dwelly.ap-south-1.linodeobjects.com/DWELLY_50_20.jpeg,0,26,1,1
436,50,https://dwelly.ap-south-1.linodeobjects.com/DWELLY_50_21.jpeg,0,17,1,1
437,50,https://dwelly.ap-south-1.linodeobjects.com/DWELLY_50_22.jpeg,0,28,1,1
438,50,https://dwelly.ap-south-1.linodeobjects.com/DWELLY_50_23.jpeg,0,5,1,1
439,50,https://dwelly.ap-south-1.linodeobjects.com/DWELLY_50_24.jpeg,0,18,1,1
440,50,https://dwelly.ap-south-1.linodeobjects.com/DWELLY_50_25.jpeg,0,19,1,1
442,50,https://dwelly.ap-south-1.linodeobjects.com/DWELLY_50_27.jpeg,0,21,1,1
443,50,https://dwelly.ap-south-1.linodeobjects.com/DWELLY_50_28.jpeg,0,22,1,1
452,26,https://dwelly.ap-south-1.linodeobjects.com/DWELLY_26_6.jpeg,0,6,1,1
453,49,https://dwelly.ap-south-1.linodeobjects.com/DWELLY_49_9.jpeg,0,10,1,1
454,51,https://dwelly.ap-south-1.linodeobjects.com/DWELLY_51_10.jpeg,1,1,1,1
455,51,https://dwelly.ap-south-1.linodeobjects.com/DWELLY_51_11.jpeg,0,6,1,1
456,51,https://dwelly.ap-south-1.linodeobjects.com/DWELLY_51_12.jpeg,0,7,1,1
457,51,https://dwelly.ap-south-1.linodeobjects.com/DWELLY_51_13.jpeg,0,3,1,1
458,51,https://dwelly.ap-south-1.linodeobjects.com/DWELLY_51_14.jpeg,0,4,1,1
459,51,https://dwelly.ap-south-1.linodeobjects.com/DWELLY_51_15.jpeg,0,2,1,1
460,51,https://dwelly.ap-south-1.linodeobjects.com/DWELLY_51_16.jpeg,0,8,1,1
461,51,https://dwelly.ap-south-1.linodeobjects.com/DWELLY_51_17.jpeg,0,9,1,1
462,51,https://dwelly.ap-south-1.linodeobjects.com/DWELLY_51_18.jpeg,0,5,1,1
463,51,https://dwelly.ap-south-1.linodeobjects.com/DWELLY_51_19.jpeg,0,10,1,1
464,51,https://dwelly.ap-south-1.linodeobjects.com/DWELLY_51_20.jpeg,0,11,1,1
470,56,https://dwelly.ap-south-1.linodeobjects.com/DWELLY_56_0.jpeg,1,1,1,11291
471,56,https://dwelly.ap-south-1.linodeobjects.com/DWELLY_56_1.jpeg,0,2,1,32171
472,56,https://dwelly.ap-south-1.linodeobjects.com/DWELLY_56_2.jpeg,0,3,1,81855
473,56,https://dwelly.ap-south-1.linodeobjects.com/DWELLY_56_3.jpeg,0,4,1,3113
474,56,https://dwelly.ap-south-1.linodeobjects.com/DWELLY_56_4.jpeg,0,5,1,91442
475,56,https://dwelly.ap-south-1.linodeobjects.com/DWELLY_56_5.jpeg,0,6,1,25521
476,56,https://dwelly.ap-south-1.linodeobjects.com/DWELLY_56_6.jpeg,0,7,1,77894
477,56,https://dwelly.ap-south-1.linodeobjects.com/DWELLY_56_7.jpeg,0,8,1,85053
478,56,https://dwelly.ap-south-1.linodeobjects.com/DWELLY_56_8.jpeg,0,9,1,49480
479,56,https://dwelly.ap-south-1.linodeobjects.com/DWELLY_56_9.jpeg,0,10,1,81633
480,56,https://dwelly.ap-south-1.linodeobjects.com/DWELLY_56_10.jpeg,0,11,1,15910
481,56,https://dwelly.ap-south-1.linodeobjects.com/DWELLY_56_11.jpeg,0,12,1,44467
509,63,https://dwelly.ap-south-1.linodeobjects.com/DWELLY_63_0.jpeg,1,1,1,16010
510,63,https://dwelly.ap-south-1.linodeobjects.com/DWELLY_63_1.jpeg,0,2,1,27849
511,63,https://dwelly.ap-south-1.linodeobjects.com/DWELLY_63_2.jpeg,0,3,1,19598
512,63,https://dwelly.ap-south-1.linodeobjects.com/DWELLY_63_3.jpeg,0,6,1,72715
513,63,https://dwelly.ap-south-1.linodeobjects.com/DWELLY_63_4.jpeg,0,7,1,94773
514,63,https://dwelly.ap-south-1.linodeobjects.com/DWELLY_63_5.jpeg,0,8,1,18653
515,63,https://dwelly.ap-south-1.linodeobjects.com/DWELLY_63_6.jpeg,0,9,1,29845
516,63,https://dwelly.ap-south-1.linodeobjects.com/DWELLY_63_7.jpeg,0,4,1,9883
517,63,https://dwelly.ap-south-1.linodeobjects.com/DWELLY_63_8.jpeg,0,13,1,49683
518,63,https://dwelly.ap-south-1.linodeobjects.com/DWELLY_63_9.jpeg,0,10,1,48387
519,63,https://dwelly.ap-south-1.linodeobjects.com/DWELLY_63_10.jpeg,0,5,1,60628
520,63,https://dwelly.ap-south-1.linodeobjects.com/DWELLY_63_11.jpeg,0,11,1,99612
521,63,https://dwelly.ap-south-1.linodeobjects.com/DWELLY_63_12.jpeg,0,12,1,642
522,63,https://dwelly.ap-south-1.linodeobjects.com/DWELLY_63_13.jpeg,0,14,1,97659
523,61,https://dwelly.ap-south-1.linodeobjects.com/DWELLY_61_0.jpeg,1,1,1,18360
524,61,https://dwelly.ap-south-1.linodeobjects.com/DWELLY_61_1.jpeg,0,2,1,81308
525,61,https://dwelly.ap-south-1.linodeobjects.com/DWELLY_61_2.jpeg,0,12,1,41333
526,61,https://dwelly.ap-south-1.linodeobjects.com/DWELLY_61_3.jpeg,0,3,1,34599
527,61,https://dwelly.ap-south-1.linodeobjects.com/DWELLY_61_4.jpeg,0,4,1,18619
528,61,https://dwelly.ap-south-1.linodeobjects.com/DWELLY_61_5.jpeg,0,5,1,6317
529,61,https://dwelly.ap-south-1.linodeobjects.com/DWELLY_61_6.jpeg,0,6,1,31711
530,61,https://dwelly.ap-south-1.linodeobjects.com/DWELLY_61_7.jpeg,0,7,1,38683
531,61,https://dwelly.ap-south-1.linodeobjects.com/DWELLY_61_8.jpeg,0,8,1,1581
532,61,https://dwelly.ap-south-1.linodeobjects.com/DWELLY_61_9.jpeg,0,9,1,7494
533,61,https://dwelly.ap-south-1.linodeobjects.com/DWELLY_61_10.jpeg,0,10,1,81204
534,61,https://dwelly.ap-south-1.linodeobjects.com/DWELLY_61_11.jpeg,0,13,1,5114
535,61,https://dwelly.ap-south-1.linodeobjects.com/DWELLY_61_12.jpeg,0,11,1,71927
536,60,https://dwelly.ap-south-1.linodeobjects.com/DWELLY_60_0.jpeg,1,1,1,81533
537,60,https://dwelly.ap-south-1.linodeobjects.com/DWELLY_60_1.jpeg,0,4,1,91023
538,60,https://dwelly.ap-south-1.linodeobjects.com/DWELLY_60_2.jpeg,0,17,1,17600
539,60,https://dwelly.ap-south-1.linodeobjects.com/DWELLY_60_3.jpeg,0,5,1,73160
540,60,https://dwelly.ap-south-1.linodeobjects.com/DWELLY_60_4.jpeg,0,2,1,35772
541,60,https://dwelly.ap-south-1.linodeobjects.com/DWELLY_60_5.jpeg,0,3,1,91161
542,60,https://dwelly.ap-south-1.linodeobjects.com/DWELLY_60_6.jpeg,0,18,1,37861
543,60,https://dwelly.ap-south-1.linodeobjects.com/DWELLY_60_7.jpeg,0,19,1,3941
545,60,https://dwelly.ap-south-1.linodeobjects.com/DWELLY_60_9.jpeg,0,6,1,16129
547,60,https://dwelly.ap-south-1.linodeobjects.com/DWELLY_60_11.jpeg,0,14,1,86880
548,60,https://dwelly.ap-south-1.linodeobjects.com/DWELLY_60_12.jpeg,0,13,1,55712
550,60,https://dwelly.ap-south-1.linodeobjects.com/DWELLY_60_14.jpeg,0,8,1,74312
551,60,https://dwelly.ap-south-1.linodeobjects.com/DWELLY_60_15.jpeg,0,10,1,29524
552,60,https://dwelly.ap-south-1.linodeobjects.com/DWELLY_60_16.jpeg,0,16,1,38150
553,60,https://dwelly.ap-south-1.linodeobjects.com/DWELLY_60_17.jpeg,0,11,1,19096
554,57,https://dwelly.ap-south-1.linodeobjects.com/DWELLY_57_0.jpeg,1,1,1,53129
555,57,https://dwelly.ap-south-1.linodeobjects.com/DWELLY_57_1.jpeg,0,8,1,16502
556,57,https://dwelly.ap-south-1.linodeobjects.com/DWELLY_57_2.jpeg,0,2,1,84587
557,57,https://dwelly.ap-south-1.linodeobjects.com/DWELLY_57_3.jpeg,0,3,1,1339
558,57,https://dwelly.ap-south-1.linodeobjects.com/DWELLY_57_4.jpeg,0,4,1,29106
559,57,https://dwelly.ap-south-1.linodeobjects.com/DWELLY_57_5.jpeg,0,5,1,15215
560,57,https://dwelly.ap-south-1.linodeobjects.com/DWELLY_57_6.jpeg,0,7,1,47776
561,57,https://dwelly.ap-south-1.linodeobjects.com/DWELLY_57_7.jpeg,0,9,1,13986
562,57,https://dwelly.ap-south-1.linodeobjects.com/DWELLY_57_8.jpeg,0,10,1,83101
563,57,https://dwelly.ap-south-1.linodeobjects.com/DWELLY_57_9.jpeg,0,11,1,63491
564,57,https://dwelly.ap-south-1.linodeobjects.com/DWELLY_57_10.jpeg,0,6,1,47264
565,57,https://dwelly.ap-south-1.linodeobjects.com/DWELLY_57_11.jpeg,0,12,1,86534
566,57,https://dwelly.ap-south-1.linodeobjects.com/DWELLY_57_12.jpeg,0,13,1,96347
567,57,https://dwelly.ap-south-1.linodeobjects.com/DWELLY_57_13.jpeg,0,14,1,41907
568,57,https://dwelly.ap-south-1.linodeobjects.com/DWELLY_57_14.jpeg,0,15,1,56650
569,55,https://dwelly.ap-south-1.linodeobjects.com/DWELLY_55_0.jpeg,1,1,1,4761
571,55,https://dwelly.ap-south-1.linodeobjects.com/DWELLY_55_2.jpeg,0,17,1,23042
573,55,https://dwelly.ap-south-1.linodeobjects.com/DWELLY_55_4.jpeg,0,4,1,27561
574,55,https://dwelly.ap-south-1.linodeobjects.com/DWELLY_55_5.jpeg,0,5,1,87653
575,55,https://dwelly.ap-south-1.linodeobjects.com/DWELLY_55_6.jpeg,0,6,1,40362
576,55,https://dwelly.ap-south-1.linodeobjects.com/DWELLY_55_7.jpeg,0,7,1,61547
577,55,https://dwelly.ap-south-1.linodeobjects.com/DWELLY_55_8.jpeg,0,8,1,15530
578,55,https://dwelly.ap-south-1.linodeobjects.com/DWELLY_55_9.jpeg,0,12,1,16680
580,55,https://dwelly.ap-south-1.linodeobjects.com/DWELLY_55_11.jpeg,0,10,1,34456
581,55,https://dwelly.ap-south-1.linodeobjects.com/DWELLY_55_12.jpeg,0,13,1,90674
582,55,https://dwelly.ap-south-1.linodeobjects.com/DWELLY_55_13.jpeg,0,14,1,88639
583,55,https://dwelly.ap-south-1.linodeobjects.com/DWELLY_55_14.jpeg,0,15,1,41928
584,55,https://dwelly.ap-south-1.linodeobjects.com/DWELLY_55_15.jpeg,0,9,1,34279
585,55,https://dwelly.ap-south-1.linodeobjects.com/DWELLY_55_16.jpeg,0,11,1,16912
587,54,https://dwelly.ap-south-1.linodeobjects.com/DWELLY_54_0.jpeg,1,1,1,54491
588,54,https://dwelly.ap-south-1.linodeobjects.com/DWELLY_54_1.jpeg,0,2,1,72676
589,54,https://dwelly.ap-south-1.linodeobjects.com/DWELLY_54_2.jpeg,0,3,1,9701
590,54,https://dwelly.ap-south-1.linodeobjects.com/DWELLY_54_3.jpeg,0,4,1,71132
591,54,https://dwelly.ap-south-1.linodeobjects.com/DWELLY_54_4.jpeg,0,6,1,50272
593,54,https://dwelly.ap-south-1.linodeobjects.com/DWELLY_54_6.jpeg,0,8,1,41338
594,54,https://dwelly.ap-south-1.linodeobjects.com/DWELLY_54_7.jpeg,0,9,1,56879
595,54,https://dwelly.ap-south-1.linodeobjects.com/DWELLY_54_8.jpeg,0,10,1,87382
596,54,https://dwelly.ap-south-1.linodeobjects.com/DWELLY_54_9.jpeg,0,11,1,97775
597,54,https://dwelly.ap-south-1.linodeobjects.com/DWELLY_54_10.jpeg,0,12,1,14430
598,54,https://dwelly.ap-south-1.linodeobjects.com/DWELLY_54_11.jpeg,0,5,1,44520
599,54,https://dwelly.ap-south-1.linodeobjects.com/DWELLY_54_12.jpeg,0,13,1,11435
600,54,https://dwelly.ap-south-1.linodeobjects.com/DWELLY_54_13.jpeg,0,14,1,79731
601,54,https://dwelly.ap-south-1.linodeobjects.com/DWELLY_54_14.jpeg,0,15,1,33915
602,54,https://dwelly.ap-south-1.linodeobjects.com/DWELLY_54_15.jpeg,0,16,1,90378
603,54,https://dwelly.ap-south-1.linodeobjects.com/DWELLY_54_16.jpeg,0,17,1,42967
604,54,https://dwelly.ap-south-1.linodeobjects.com/DWELLY_54_17.jpeg,0,18,1,53702
605,54,https://dwelly.ap-south-1.linodeobjects.com/DWELLY_54_18.jpeg,0,19,1,4508
606,54,https://dwelly.ap-south-1.linodeobjects.com/DWELLY_54_19.jpeg,0,20,1,77424
607,54,https://dwelly.ap-south-1.linodeobjects.com/DWELLY_54_20.jpeg,0,21,1,69497
608,53,https://dwelly.ap-south-1.linodeobjects.com/DWELLY_53_0.jpeg,1,1,1,1465
609,53,https://dwelly.ap-south-1.linodeobjects.com/DWELLY_53_1.jpeg,0,2,1,59772
610,53,https://dwelly.ap-south-1.linodeobjects.com/DWELLY_53_2.jpeg,0,3,1,50335
611,53,https://dwelly.ap-south-1.linodeobjects.com/DWELLY_53_3.jpeg,0,4,1,34145
612,53,https://dwelly.ap-south-1.linodeobjects.com/DWELLY_53_4.jpeg,0,5,1,50676
613,53,https://dwelly.ap-south-1.linodeobjects.com/DWELLY_53_5.jpeg,0,6,1,59899
614,53,https://dwelly.ap-south-1.linodeobjects.com/DWELLY_53_6.jpeg,0,8,1,70949
615,53,https://dwelly.ap-south-1.linodeobjects.com/DWELLY_53_7.jpeg,0,9,1,40947
616,53,https://dwelly.ap-south-1.linodeobjects.com/DWELLY_53_8.jpeg,0,7,1,14698
617,53,https://dwelly.ap-south-1.linodeobjects.com/DWELLY_53_9.jpeg,0,10,1,30393
618,52,https://dwelly.ap-south-1.linodeobjects.com/DWELLY_52_0.jpeg,1,1,1,10414
619,52,https://dwelly.ap-south-1.linodeobjects.com/DWELLY_52_1.jpeg,0,2,1,27880
620,52,https://dwelly.ap-south-1.linodeobjects.com/DWELLY_52_2.jpeg,0,3,1,75859
621,52,https://dwelly.ap-south-1.linodeobjects.com/DWELLY_52_3.jpeg,0,6,1,47382
622,52,https://dwelly.ap-south-1.linodeobjects.com/DWELLY_52_4.jpeg,0,14,1,16310
623,52,https://dwelly.ap-south-1.linodeobjects.com/DWELLY_52_5.jpeg,0,15,1,86873
624,52,https://dwelly.ap-south-1.linodeobjects.com/DWELLY_52_6.jpeg,0,16,1,22629
625,52,https://dwelly.ap-south-1.linodeobjects.com/DWELLY_52_7.jpeg,0,7,1,92677
626,52,https://dwelly.ap-south-1.linodeobjects.com/DWELLY_52_8.jpeg,0,8,1,74350
627,52,https://dwelly.ap-south-1.linodeobjects.com/DWELLY_52_9.jpeg,0,9,1,36615
628,52,https://dwelly.ap-south-1.linodeobjects.com/DWELLY_52_10.jpeg,0,4,1,25372
630,52,https://dwelly.ap-south-1.linodeobjects.com/DWELLY_52_12.jpeg,0,10,1,64093
631,52,https://dwelly.ap-south-1.linodeobjects.com/DWELLY_52_13.jpeg,0,11,1,90053
632,52,https://dwelly.ap-south-1.linodeobjects.com/DWELLY_52_14.jpeg,0,13,1,95290
633,52,https://dwelly.ap-south-1.linodeobjects.com/DWELLY_52_15.jpeg,0,5,1,81494
634,65,https://dwelly.ap-south-1.linodeobjects.com/DWELLY_65_0.jpeg,0,18,1,1
639,65,https://dwelly.ap-south-1.linodeobjects.com/DWELLY_65_5.jpeg,0,17,1,61055
655,66,https://dwelly.ap-south-1.linodeobjects.com/DWELLY_66_0.jpeg,1,1,1,1
656,66,https://dwelly.ap-south-1.linodeobjects.com/DWELLY_66_1.jpeg,0,2,1,1
657,66,https://dwelly.ap-south-1.linodeobjects.com/DWELLY_66_2.jpeg,0,10,1,1
658,66,https://dwelly.ap-south-1.linodeobjects.com/DWELLY_66_3.jpeg,0,11,1,1
659,66,https://dwelly.ap-south-1.linodeobjects.com/DWELLY_66_4.jpeg,0,12,1,1
660,66,https://dwelly.ap-south-1.linodeobjects.com/DWELLY_66_5.jpeg,0,4,1,1
661,66,https://dwelly.ap-south-1.linodeobjects.com/DWELLY_66_6.jpeg,0,3,1,1
662,66,https://dwelly.ap-south-1.linodeobjects.com/DWELLY_66_7.jpeg,0,5,1,1
663,66,https://dwelly.ap-south-1.linodeobjects.com/DWELLY_66_8.jpeg,0,6,1,1
664,66,https://dwelly.ap-south-1.linodeobjects.com/DWELLY_66_9.jpeg,0,7,1,1
665,66,https://dwelly.ap-south-1.linodeobjects.com/DWELLY_66_10.jpeg,0,8,1,1
666,66,https://dwelly.ap-south-1.linodeobjects.com/DWELLY_66_11.jpeg,0,16,1,1
667,66,https://dwelly.ap-south-1.linodeobjects.com/DWELLY_66_12.jpeg,0,17,1,1
668,66,https://dwelly.ap-south-1.linodeobjects.com/DWELLY_66_13.jpeg,0,13,1,1
669,66,https://dwelly.ap-south-1.linodeobjects.com/DWELLY_66_14.jpeg,0,14,1,1
670,66,https://dwelly.ap-south-1.linodeobjects.com/DWELLY_66_15.jpeg,0,15,1,1
671,66,https://dwelly.ap-south-1.linodeobjects.com/DWELLY_66_16.jpeg,0,9,1,1
672,67,https://dwelly.ap-south-1.linodeobjects.com/DWELLY_67_0.jpeg,0,2,1,1
673,67,https://dwelly.ap-south-1.linodeobjects.com/DWELLY_67_1.jpeg,0,12,1,1
674,67,https://dwelly.ap-south-1.linodeobjects.com/DWELLY_67_2.jpeg,0,7,1,1
675,67,https://dwelly.ap-south-1.linodeobjects.com/DWELLY_67_3.jpeg,0,5,1,1
676,67,https://dwelly.ap-south-1.linodeobjects.com/DWELLY_67_4.jpeg,0,8,1,1
677,67,https://dwelly.ap-south-1.linodeobjects.com/DWELLY_67_5.jpeg,0,3,1,1
678,67,https://dwelly.ap-south-1.linodeobjects.com/DWELLY_67_6.jpeg,0,4,1,1
679,67,https://dwelly.ap-south-1.linodeobjects.com/DWELLY_67_7.jpeg,1,1,1,1
680,67,https://dwelly.ap-south-1.linodeobjects.com/DWELLY_67_8.jpeg,0,9,1,1
681,67,https://dwelly.ap-south-1.linodeobjects.com/DWELLY_67_9.jpeg,0,10,1,1
682,67,https://dwelly.ap-south-1.linodeobjects.com/DWELLY_67_10.jpeg,0,6,1,1
683,67,https://dwelly.ap-south-1.linodeobjects.com/DWELLY_67_11.jpeg,0,13,1,1
684,67,https://dwelly.ap-south-1.linodeobjects.com/DWELLY_67_12.jpeg,0,11,1,1
688,18,https://dwelly.ap-south-1.linodeobjects.com/DWELLY_18_3.jpeg,0,5,1,90113
689,18,https://dwelly.ap-south-1.linodeobjects.com/DWELLY_18_4.jpeg,0,3,1,38432
690,18,https://dwelly.ap-south-1.linodeobjects.com/DWELLY_18_5.jpeg,0,22,1,74048
691,18,https://dwelly.ap-south-1.linodeobjects.com/DWELLY_18_6.jpeg,0,2,1,83496
692,18,https://dwelly.ap-south-1.linodeobjects.com/DWELLY_18_7.jpeg,0,9,1,84108
693,18,https://dwelly.ap-south-1.linodeobjects.com/DWELLY_18_8.jpeg,0,6,1,2897
694,18,https://dwelly.ap-south-1.linodeobjects.com/DWELLY_18_9.jpeg,0,4,1,31888
695,18,https://dwelly.ap-south-1.linodeobjects.com/DWELLY_18_10.jpeg,1,1,1,98284
696,18,https://dwelly.ap-south-1.linodeobjects.com/DWELLY_18_11.jpeg,0,10,1,81159
697,18,https://dwelly.ap-south-1.linodeobjects.com/DWELLY_18_12.jpeg,0,13,1,76822
698,18,https://dwelly.ap-south-1.linodeobjects.com/DWELLY_18_13.jpeg,0,14,1,27665
699,18,https://dwelly.ap-south-1.linodeobjects.com/DWELLY_18_14.jpeg,0,12,1,7940
700,18,https://dwelly.ap-south-1.linodeobjects.com/DWELLY_18_15.jpeg,0,15,1,20844
701,18,https://dwelly.ap-south-1.linodeobjects.com/DWELLY_18_16.jpeg,0,16,1,47901
702,18,https://dwelly.ap-south-1.linodeobjects.com/DWELLY_18_17.jpeg,0,21,1,68861
703,18,https://dwelly.ap-south-1.linodeobjects.com/DWELLY_18_18.jpeg,0,8,1,72310
705,18,https://dwelly.ap-south-1.linodeobjects.com/DWELLY_18_20.jpeg,0,17,1,87039
706,18,https://dwelly.ap-south-1.linodeobjects.com/DWELLY_18_21.jpeg,0,18,1,70189
707,18,https://dwelly.ap-south-1.linodeobjects.com/DWELLY_18_22.jpeg,0,19,1,4919
709,18,https://dwelly.ap-south-1.linodeobjects.com/DWELLY_18_24.jpeg,0,7,1,3964
722,73,https://dwelly.ap-south-1.linodeobjects.com/DWELLY_73_0.jpeg,1,1,1,2085
723,73,https://dwelly.ap-south-1.linodeobjects.com/DWELLY_73_1.jpeg,0,2,1,29832
724,73,https://dwelly.ap-south-1.linodeobjects.com/DWELLY_73_2.jpeg,0,9,1,54429
725,73,https://dwelly.ap-south-1.linodeobjects.com/DWELLY_73_3.jpeg,0,3,1,4064
726,73,https://dwelly.ap-south-1.linodeobjects.com/DWELLY_73_4.jpeg,0,6,1,81452
727,73,https://dwelly.ap-south-1.linodeobjects.com/DWELLY_73_5.jpeg,0,4,1,7627
728,73,https://dwelly.ap-south-1.linodeobjects.com/DWELLY_73_6.jpeg,0,7,1,66085
729,73,https://dwelly.ap-south-1.linodeobjects.com/DWELLY_73_7.jpeg,0,10,1,50235
730,73,https://dwelly.ap-south-1.linodeobjects.com/DWELLY_73_8.jpeg,0,5,1,37684
731,73,https://dwelly.ap-south-1.linodeobjects.com/DWELLY_73_9.jpeg,0,8,1,55387
732,74,https://dwelly.ap-south-1.linodeobjects.com/DWELLY_74_0.jpeg,1,1,1,96715
733,74,https://dwelly.ap-south-1.linodeobjects.com/DWELLY_74_1.jpeg,0,2,1,69163
734,74,https://dwelly.ap-south-1.linodeobjects.com/DWELLY_74_2.jpeg,0,3,1,70183
735,74,https://dwelly.ap-south-1.linodeobjects.com/DWELLY_74_3.jpeg,0,4,1,29392
736,74,https://dwelly.ap-south-1.linodeobjects.com/DWELLY_74_4.jpeg,0,5,1,5681
737,74,https://dwelly.ap-south-1.linodeobjects.com/DWELLY_74_5.jpeg,0,12,1,83205
738,74,https://dwelly.ap-south-1.linodeobjects.com/DWELLY_74_6.jpeg,0,6,1,81551
739,74,https://dwelly.ap-south-1.linodeobjects.com/DWELLY_74_7.jpeg,0,7,1,73191
740,74,https://dwelly.ap-south-1.linodeobjects.com/DWELLY_74_8.jpeg,0,11,1,31828
741,74,https://dwelly.ap-south-1.linodeobjects.com/DWELLY_74_9.jpeg,0,8,1,81202
742,74,https://dwelly.ap-south-1.linodeobjects.com/DWELLY_74_10.jpeg,0,10,1,41838
744,74,https://dwelly.ap-south-1.linodeobjects.com/DWELLY_74_12.jpeg,0,13,1,14316
745,74,https://dwelly.ap-south-1.linodeobjects.com/DWELLY_74_13.jpeg,0,15,1,25787
746,74,https://dwelly.ap-south-1.linodeobjects.com/DWELLY_74_14.jpeg,0,14,1,20481
747,75,https://dwelly.ap-south-1.linodeobjects.com/DWELLY_75_0.jpeg,0,2,1,47533
748,75,https://dwelly.ap-south-1.linodeobjects.com/DWELLY_75_1.jpeg,0,3,1,98069
749,75,https://dwelly.ap-south-1.linodeobjects.com/DWELLY_75_2.jpeg,0,4,1,78093
750,75,https://dwelly.ap-south-1.linodeobjects.com/DWELLY_75_3.jpeg,0,5,1,65597
751,75,https://dwelly.ap-south-1.linodeobjects.com/DWELLY_75_4.jpeg,0,6,1,1733
752,75,https://dwelly.ap-south-1.linodeobjects.com/DWELLY_75_5.jpeg,0,7,1,80759
753,75,https://dwelly.ap-south-1.linodeobjects.com/DWELLY_75_6.jpeg,0,8,1,62570
754,75,https://dwelly.ap-south-1.linodeobjects.com/DWELLY_75_7.jpeg,0,9,1,98801
755,75,https://dwelly.ap-south-1.linodeobjects.com/DWELLY_75_8.jpeg,0,11,1,86255
756,75,https://dwelly.ap-south-1.linodeobjects.com/DWELLY_75_9.jpeg,0,12,1,60496
757,75,https://dwelly.ap-south-1.linodeobjects.com/DWELLY_75_10.jpeg,0,10,1,24527
758,75,https://dwelly.ap-south-1.linodeobjects.com/DWELLY_75_11.jpeg,0,13,1,9161
759,75,https://dwelly.ap-south-1.linodeobjects.com/DWELLY_75_12.jpeg,1,1,1,79678
760,76,https://dwelly.ap-south-1.linodeobjects.com/DWELLY_76_0.jpeg,0,10,1,40058
761,76,https://dwelly.ap-south-1.linodeobjects.com/DWELLY_76_1.jpeg,1,1,1,19725
762,76,https://dwelly.ap-south-1.linodeobjects.com/DWELLY_76_2.jpeg,0,9,1,47107
763,76,https://dwelly.ap-south-1.linodeobjects.com/DWELLY_76_3.jpeg,0,4,1,84536
764,76,https://dwelly.ap-south-1.linodeobjects.com/DWELLY_76_4.jpeg,0,3,1,78716
765,76,https://dwelly.ap-south-1.linodeobjects.com/DWELLY_76_5.jpeg,0,5,1,93362
766,76,https://dwelly.ap-south-1.linodeobjects.com/DWELLY_76_6.jpeg,0,7,1,408
767,76,https://dwelly.ap-south-1.linodeobjects.com/DWELLY_76_7.jpeg,0,6,1,83797
768,76,https://dwelly.ap-south-1.linodeobjects.com/DWELLY_76_8.jpeg,0,2,1,68502
769,76,https://dwelly.ap-south-1.linodeobjects.com/DWELLY_76_9.jpeg,0,8,1,38611
770,78,https://dwelly.ap-south-1.linodeobjects.com/DWELLY_78_0.jpeg,0,2,1,32543
771,78,https://dwelly.ap-south-1.linodeobjects.com/DWELLY_78_1.jpeg,0,3,1,26086
772,78,https://dwelly.ap-south-1.linodeobjects.com/DWELLY_78_2.jpeg,0,4,1,47315
773,78,https://dwelly.ap-south-1.linodeobjects.com/DWELLY_78_3.jpeg,0,7,1,93249
774,78,https://dwelly.ap-south-1.linodeobjects.com/DWELLY_78_4.jpeg,0,5,1,84299
775,78,https://dwelly.ap-south-1.linodeobjects.com/DWELLY_78_5.jpeg,0,6,1,41939
776,78,https://dwelly.ap-south-1.linodeobjects.com/DWELLY_78_6.jpeg,0,8,1,20159
777,78,https://dwelly.ap-south-1.linodeobjects.com/DWELLY_78_7.jpeg,0,10,1,28550
778,78,https://dwelly.ap-south-1.linodeobjects.com/DWELLY_78_8.jpeg,0,9,1,16327
779,78,https://dwelly.ap-south-1.linodeobjects.com/DWELLY_78_9.jpeg,0,11,1,27638
780,78,https://dwelly.ap-south-1.linodeobjects.com/DWELLY_78_10.jpeg,0,12,1,56432
781,78,https://dwelly.ap-south-1.linodeobjects.com/DWELLY_78_11.jpeg,0,13,1,88012
782,78,https://dwelly.ap-south-1.linodeobjects.com/DWELLY_78_12.jpeg,0,14,1,38331
783,78,https://dwelly.ap-south-1.linodeobjects.com/DWELLY_78_13.jpeg,1,1,1,46745
784,80,https://dwelly.ap-south-1.linodeobjects.com/DWELLY_80_0.jpeg,1,1,1,94418
785,80,https://dwelly.ap-south-1.linodeobjects.com/DWELLY_80_1.jpeg,0,3,1,90705
786,80,https://dwelly.ap-south-1.linodeobjects.com/DWELLY_80_2.jpeg,0,5,1,60406
787,80,https://dwelly.ap-south-1.linodeobjects.com/DWELLY_80_3.jpeg,0,6,1,5438
788,80,https://dwelly.ap-south-1.linodeobjects.com/DWELLY_80_4.jpeg,0,7,1,38400
789,80,https://dwelly.ap-south-1.linodeobjects.com/DWELLY_80_5.jpeg,0,8,1,70426
790,80,https://dwelly.ap-south-1.linodeobjects.com/DWELLY_80_6.jpeg,0,11,1,15725
791,80,https://dwelly.ap-south-1.linodeobjects.com/DWELLY_80_7.jpeg,0,4,1,52150
792,80,https://dwelly.ap-south-1.linodeobjects.com/DWELLY_80_8.jpeg,0,13,1,89376
793,80,https://dwelly.ap-south-1.linodeobjects.com/DWELLY_80_9.jpeg,0,9,1,54656
794,80,https://dwelly.ap-south-1.linodeobjects.com/DWELLY_80_10.jpeg,0,10,1,4477
795,80,https://dwelly.ap-south-1.linodeobjects.com/DWELLY_80_11.jpeg,0,12,1,10553
796,80,https://dwelly.ap-south-1.linodeobjects.com/DWELLY_80_12.jpeg,0,2,1,12722
797,81,https://dwelly.ap-south-1.linodeobjects.com/DWELLY_81_0.jpeg,1,1,1,27354
798,81,https://dwelly.ap-south-1.linodeobjects.com/DWELLY_81_1.jpeg,0,2,1,15061
799,81,https://dwelly.ap-south-1.linodeobjects.com/DWELLY_81_2.jpeg,0,6,1,57295
800,81,https://dwelly.ap-south-1.linodeobjects.com/DWELLY_81_3.jpeg,0,3,1,12473
801,81,https://dwelly.ap-south-1.linodeobjects.com/DWELLY_81_4.jpeg,0,7,1,26074
802,81,https://dwelly.ap-south-1.linodeobjects.com/DWELLY_81_5.jpeg,0,8,1,83541
803,81,https://dwelly.ap-south-1.linodeobjects.com/DWELLY_81_6.jpeg,0,9,1,75230
804,81,https://dwelly.ap-south-1.linodeobjects.com/DWELLY_81_7.jpeg,0,10,1,62811
805,81,https://dwelly.ap-south-1.linodeobjects.com/DWELLY_81_8.jpeg,0,5,1,31644
806,81,https://dwelly.ap-south-1.linodeobjects.com/DWELLY_81_9.jpeg,0,4,1,15945
807,82,https://dwelly.ap-south-1.linodeobjects.com/DWELLY_82_0.jpeg,1,1,1,85411
808,82,https://dwelly.ap-south-1.linodeobjects.com/DWELLY_82_1.jpeg,0,2,1,73515
809,82,https://dwelly.ap-south-1.linodeobjects.com/DWELLY_82_2.jpeg,0,4,1,57198
810,82,https://dwelly.ap-south-1.linodeobjects.com/DWELLY_82_3.jpeg,0,5,1,4101
811,82,https://dwelly.ap-south-1.linodeobjects.com/DWELLY_82_4.jpeg,0,11,1,59367
812,82,https://dwelly.ap-south-1.linodeobjects.com/DWELLY_82_5.jpeg,0,6,1,12901
813,82,https://dwelly.ap-south-1.linodeobjects.com/DWELLY_82_6.jpeg,0,12,1,2191
814,82,https://dwelly.ap-south-1.linodeobjects.com/DWELLY_82_7.jpeg,0,7,1,13075
815,82,https://dwelly.ap-south-1.linodeobjects.com/DWELLY_82_8.jpeg,0,8,1,11964
816,82,https://dwelly.ap-south-1.linodeobjects.com/DWELLY_82_9.jpeg,0,9,1,18237
817,82,https://dwelly.ap-south-1.linodeobjects.com/DWELLY_82_10.jpeg,0,10,1,9846
818,82,https://dwelly.ap-south-1.linodeobjects.com/DWELLY_82_11.jpeg,0,3,1,87003
819,83,https://dwelly.ap-south-1.linodeobjects.com/DWELLY_83_0.jpeg,0,2,1,49826
820,83,https://dwelly.ap-south-1.linodeobjects.com/DWELLY_83_1.jpeg,0,3,1,42522
821,83,https://dwelly.ap-south-1.linodeobjects.com/DWELLY_83_2.jpeg,0,6,1,5838
822,83,https://dwelly.ap-south-1.linodeobjects.com/DWELLY_83_3.jpeg,0,5,1,64695
823,83,https://dwelly.ap-south-1.linodeobjects.com/DWELLY_83_4.jpeg,0,9,1,56010
824,83,https://dwelly.ap-south-1.linodeobjects.com/DWELLY_83_5.jpeg,0,8,1,14416
825,83,https://dwelly.ap-south-1.linodeobjects.com/DWELLY_83_6.jpeg,1,1,1,47752
826,83,https://dwelly.ap-south-1.linodeobjects.com/DWELLY_83_7.jpeg,0,7,1,9042
827,83,https://dwelly.ap-south-1.linodeobjects.com/DWELLY_83_8.jpeg,0,4,1,56333
828,84,https://dwelly.ap-south-1.linodeobjects.com/DWELLY_84_0.jpeg,0,4,1,64158
829,84,https://dwelly.ap-south-1.linodeobjects.com/DWELLY_84_1.jpeg,0,3,1,35147
830,84,https://dwelly.ap-south-1.linodeobjects.com/DWELLY_84_2.jpeg,0,5,1,19575
831,84,https://dwelly.ap-south-1.linodeobjects.com/DWELLY_84_3.jpeg,0,9,1,12988
832,84,https://dwelly.ap-south-1.linodeobjects.com/DWELLY_84_4.jpeg,0,6,1,49843
833,84,https://dwelly.ap-south-1.linodeobjects.com/DWELLY_84_5.jpeg,0,10,1,70795
834,84,https://dwelly.ap-south-1.linodeobjects.com/DWELLY_84_6.jpeg,0,2,1,59183
835,84,https://dwelly.ap-south-1.linodeobjects.com/DWELLY_84_7.jpeg,0,7,1,81608
836,84,https://dwelly.ap-south-1.linodeobjects.com/DWELLY_84_8.jpeg,0,11,1,35488
837,84,https://dwelly.ap-south-1.linodeobjects.com/DWELLY_84_9.jpeg,0,8,1,45779
838,84,https://dwelly.ap-south-1.linodeobjects.com/DWELLY_84_10.jpeg,1,1,1,48255
839,85,https://dwelly.ap-south-1.linodeobjects.com/DWELLY_85_0.jpeg,1,1,1,16544
840,85,https://dwelly.ap-south-1.linodeobjects.com/DWELLY_85_1.jpeg,0,12,1,69858
841,85,https://dwelly.ap-south-1.linodeobjects.com/DWELLY_85_2.jpeg,0,11,1,9448
842,85,https://dwelly.ap-south-1.linodeobjects.com/DWELLY_85_3.jpeg,0,10,1,25390
843,85,https://dwelly.ap-south-1.linodeobjects.com/DWELLY_85_4.jpeg,0,5,1,70530
844,85,https://dwelly.ap-south-1.linodeobjects.com/DWELLY_85_5.jpeg,0,6,1,13994
845,85,https://dwelly.ap-south-1.linodeobjects.com/DWELLY_85_6.jpeg,0,7,1,11310
846,85,https://dwelly.ap-south-1.linodeobjects.com/DWELLY_85_7.jpeg,0,9,1,35233
847,85,https://dwelly.ap-south-1.linodeobjects.com/DWELLY_85_8.jpeg,0,8,1,56357
848,85,https://dwelly.ap-south-1.linodeobjects.com/DWELLY_85_9.jpeg,0,2,1,58027
849,85,https://dwelly.ap-south-1.linodeobjects.com/DWELLY_85_10.jpeg,0,3,1,44800
850,85,https://dwelly.ap-south-1.linodeobjects.com/DWELLY_85_11.jpeg,0,4,1,89543
851,86,https://dwelly.ap-south-1.linodeobjects.com/DWELLY_86_0.jpeg,0,2,1,89346
852,86,https://dwelly.ap-south-1.linodeobjects.com/DWELLY_86_1.jpeg,0,3,1,14797
853,86,https://dwelly.ap-south-1.linodeobjects.com/DWELLY_86_2.jpeg,0,4,1,7317
854,86,https://dwelly.ap-south-1.linodeobjects.com/DWELLY_86_3.jpeg,0,5,1,47811
855,86,https://dwelly.ap-south-1.linodeobjects.com/DWELLY_86_4.jpeg,0,6,1,92807
856,86,https://dwelly.ap-south-1.linodeobjects.com/DWELLY_86_5.jpeg,0,7,1,44873
857,86,https://dwelly.ap-south-1.linodeobjects.com/DWELLY_86_6.jpeg,0,8,1,61071
858,86,https://dwelly.ap-south-1.linodeobjects.com/DWELLY_86_7.jpeg,0,9,1,38188
859,86,https://dwelly.ap-south-1.linodeobjects.com/DWELLY_86_8.jpeg,0,11,1,1378
860,86,https://dwelly.ap-south-1.linodeobjects.com/DWELLY_86_9.jpeg,0,12,1,94296
861,86,https://dwelly.ap-south-1.linodeobjects.com/DWELLY_86_10.jpeg,0,13,1,84186
862,86,https://dwelly.ap-south-1.linodeobjects.com/DWELLY_86_11.jpeg,0,14,1,29725
863,86,https://dwelly.ap-south-1.linodeobjects.com/DWELLY_86_12.jpeg,0,21,1,14367
864,86,https://dwelly.ap-south-1.linodeobjects.com/DWELLY_86_13.jpeg,0,15,1,13977
865,86,https://dwelly.ap-south-1.linodeobjects.com/DWELLY_86_14.jpeg,0,16,1,85775
866,86,https://dwelly.ap-south-1.linodeobjects.com/DWELLY_86_15.jpeg,0,17,1,85330
867,86,https://dwelly.ap-south-1.linodeobjects.com/DWELLY_86_16.jpeg,0,18,1,42196
868,86,https://dwelly.ap-south-1.linodeobjects.com/DWELLY_86_17.jpeg,0,19,1,64474
869,86,https://dwelly.ap-south-1.linodeobjects.com/DWELLY_86_18.jpeg,0,10,1,71586
870,86,https://dwelly.ap-south-1.linodeobjects.com/DWELLY_86_19.jpeg,0,22,1,18547
871,86,https://dwelly.ap-south-1.linodeobjects.com/DWELLY_86_20.jpeg,0,20,1,60884
872,86,https://dwelly.ap-south-1.linodeobjects.com/DWELLY_86_21.jpeg,1,1,1,33907
873,87,https://dwelly.ap-south-1.linodeobjects.com/DWELLY_87_0.jpeg,1,1,1,24909
874,87,https://dwelly.ap-south-1.linodeobjects.com/DWELLY_87_1.jpeg,0,2,1,6260
875,87,https://dwelly.ap-south-1.linodeobjects.com/DWELLY_87_2.jpeg,0,3,1,67026
876,87,https://dwelly.ap-south-1.linodeobjects.com/DWELLY_87_3.jpeg,0,4,1,59165
877,87,https://dwelly.ap-south-1.linodeobjects.com/DWELLY_87_4.jpeg,0,5,1,23634
878,87,https://dwelly.ap-south-1.linodeobjects.com/DWELLY_87_5.jpeg,0,7,1,10506
879,87,https://dwelly.ap-south-1.linodeobjects.com/DWELLY_87_6.jpeg,0,8,1,33535
880,87,https://dwelly.ap-south-1.linodeobjects.com/DWELLY_87_7.jpeg,0,9,1,57881
881,87,https://dwelly.ap-south-1.linodeobjects.com/DWELLY_87_8.jpeg,0,10,1,61965
882,87,https://dwelly.ap-south-1.linodeobjects.com/DWELLY_87_9.jpeg,0,11,1,74177
883,87,https://dwelly.ap-south-1.linodeobjects.com/DWELLY_87_10.jpeg,0,12,1,78131
884,87,https://dwelly.ap-south-1.linodeobjects.com/DWELLY_87_11.jpeg,0,13,1,80840
885,87,https://dwelly.ap-south-1.linodeobjects.com/DWELLY_87_12.jpeg,0,6,1,97072
886,87,https://dwelly.ap-south-1.linodeobjects.com/DWELLY_87_13.jpeg,0,14,1,83982
887,87,https://dwelly.ap-south-1.linodeobjects.com/DWELLY_87_14.jpeg,0,15,1,22479
888,88,https://dwelly.ap-south-1.linodeobjects.com/DWELLY_88_0.jpeg,0,2,1,58592
889,88,https://dwelly.ap-south-1.linodeobjects.com/DWELLY_88_1.jpeg,0,4,1,41131
890,88,https://dwelly.ap-south-1.linodeobjects.com/DWELLY_88_2.jpeg,0,5,1,51813
891,88,https://dwelly.ap-south-1.linodeobjects.com/DWELLY_88_3.jpeg,0,8,1,98076
892,88,https://dwelly.ap-south-1.linodeobjects.com/DWELLY_88_4.jpeg,0,7,1,34399
893,88,https://dwelly.ap-south-1.linodeobjects.com/DWELLY_88_5.jpeg,0,6,1,21944
894,88,https://dwelly.ap-south-1.linodeobjects.com/DWELLY_88_6.jpeg,0,3,1,51356
895,88,https://dwelly.ap-south-1.linodeobjects.com/DWELLY_88_7.jpeg,1,1,1,14223
896,89,https://dwelly.ap-south-1.linodeobjects.com/DWELLY_89_0.jpeg,0,4,1,66650
897,89,https://dwelly.ap-south-1.linodeobjects.com/DWELLY_89_1.jpeg,0,2,1,88725
898,89,https://dwelly.ap-south-1.linodeobjects.com/DWELLY_89_2.jpeg,0,3,1,73121
899,89,https://dwelly.ap-south-1.linodeobjects.com/DWELLY_89_3.jpeg,1,1,1,10340
900,89,https://dwelly.ap-south-1.linodeobjects.com/DWELLY_89_4.jpeg,0,5,1,82030
901,89,https://dwelly.ap-south-1.linodeobjects.com/DWELLY_89_5.jpeg,0,10,1,69966
902,89,https://dwelly.ap-south-1.linodeobjects.com/DWELLY_89_6.jpeg,0,6,1,97057
903,89,https://dwelly.ap-south-1.linodeobjects.com/DWELLY_89_7.jpeg,0,7,1,24185
904,89,https://dwelly.ap-south-1.linodeobjects.com/DWELLY_89_8.jpeg,0,11,1,52091
905,89,https://dwelly.ap-south-1.linodeobjects.com/DWELLY_89_9.jpeg,0,9,1,53582
906,89,https://dwelly.ap-south-1.linodeobjects.com/DWELLY_89_10.jpeg,0,8,1,66825
907,90,https://dwelly.ap-south-1.linodeobjects.com/DWELLY_90_0.jpeg,0,9,1,26007
908,90,https://dwelly.ap-south-1.linodeobjects.com/DWELLY_90_1.jpeg,0,5,1,44844
909,90,https://dwelly.ap-south-1.linodeobjects.com/DWELLY_90_2.jpeg,0,10,1,20309
910,90,https://dwelly.ap-south-1.linodeobjects.com/DWELLY_90_3.jpeg,0,6,1,68054
911,90,https://dwelly.ap-south-1.linodeobjects.com/DWELLY_90_4.jpeg,0,11,1,80050
912,90,https://dwelly.ap-south-1.linodeobjects.com/DWELLY_90_5.jpeg,0,8,1,55055
913,90,https://dwelly.ap-south-1.linodeobjects.com/DWELLY_90_6.jpeg,0,3,1,35751
914,90,https://dwelly.ap-south-1.linodeobjects.com/DWELLY_90_7.jpeg,0,7,1,48130
915,90,https://dwelly.ap-south-1.linodeobjects.com/DWELLY_90_8.jpeg,0,2,1,97221
916,90,https://dwelly.ap-south-1.linodeobjects.com/DWELLY_90_9.jpeg,0,4,1,27693
917,90,https://dwelly.ap-south-1.linodeobjects.com/DWELLY_90_10.jpeg,1,1,1,21486
918,58,https://dwelly.ap-south-1.linodeobjects.com/DWELLY_58_0.jpeg,1,1,1,44820
919,58,https://dwelly.ap-south-1.linodeobjects.com/DWELLY_58_1.jpeg,0,2,1,27681
920,58,https://dwelly.ap-south-1.linodeobjects.com/DWELLY_58_2.jpeg,0,4,1,85292
921,58,https://dwelly.ap-south-1.linodeobjects.com/DWELLY_58_3.jpeg,0,5,1,77828
922,58,https://dwelly.ap-south-1.linodeobjects.com/DWELLY_58_4.jpeg,0,6,1,61390
923,58,https://dwelly.ap-south-1.linodeobjects.com/DWELLY_58_5.jpeg,0,7,1,23625
924,58,https://dwelly.ap-south-1.linodeobjects.com/DWELLY_58_6.jpeg,0,9,1,16792
925,58,https://dwelly.ap-south-1.linodeobjects.com/DWELLY_58_7.jpeg,0,3,1,36895
926,58,https://dwelly.ap-south-1.linodeobjects.com/DWELLY_58_8.jpeg,0,10,1,50342
927,58,https://dwelly.ap-south-1.linodeobjects.com/DWELLY_58_9.jpeg,0,8,1,17557
928,59,https://dwelly.ap-south-1.linodeobjects.com/DWELLY_59_0.jpeg,1,1,1,2949
929,59,https://dwelly.ap-south-1.linodeobjects.com/DWELLY_59_1.jpeg,0,4,1,92729
930,59,https://dwelly.ap-south-1.linodeobjects.com/DWELLY_59_2.jpeg,0,8,1,92399
931,59,https://dwelly.ap-south-1.linodeobjects.com/DWELLY_59_3.jpeg,0,5,1,4504
932,59,https://dwelly.ap-south-1.linodeobjects.com/DWELLY_59_4.jpeg,0,2,1,47705
933,59,https://dwelly.ap-south-1.linodeobjects.com/DWELLY_59_5.jpeg,0,6,1,57742
934,59,https://dwelly.ap-south-1.linodeobjects.com/DWELLY_59_6.jpeg,0,3,1,19448
935,59,https://dwelly.ap-south-1.linodeobjects.com/DWELLY_59_7.jpeg,0,7,1,25604
936,62,https://dwelly.ap-south-1.linodeobjects.com/DWELLY_62_0.jpeg,0,3,1,56855
937,62,https://dwelly.ap-south-1.linodeobjects.com/DWELLY_62_1.jpeg,0,5,1,57180
938,62,https://dwelly.ap-south-1.linodeobjects.com/DWELLY_62_2.jpeg,0,2,1,21831
939,62,https://dwelly.ap-south-1.linodeobjects.com/DWELLY_62_3.jpeg,0,4,1,73678
940,62,https://dwelly.ap-south-1.linodeobjects.com/DWELLY_62_4.jpeg,1,1,1,84414
941,62,https://dwelly.ap-south-1.linodeobjects.com/DWELLY_62_5.jpeg,0,6,1,92066
942,64,https://dwelly.ap-south-1.linodeobjects.com/DWELLY_64_0.jpeg,0,5,1,85750
943,64,https://dwelly.ap-south-1.linodeobjects.com/DWELLY_64_1.jpeg,0,6,1,27508
944,64,https://dwelly.ap-south-1.linodeobjects.com/DWELLY_64_2.jpeg,0,2,1,16186
945,64,https://dwelly.ap-south-1.linodeobjects.com/DWELLY_64_3.jpeg,0,3,1,31303
946,64,https://dwelly.ap-south-1.linodeobjects.com/DWELLY_64_4.jpeg,1,1,1,46014
947,64,https://dwelly.ap-south-1.linodeobjects.com/DWELLY_64_5.jpeg,0,7,1,99505
948,64,https://dwelly.ap-south-1.linodeobjects.com/DWELLY_64_6.jpeg,0,8,1,88273
949,64,https://dwelly.ap-south-1.linodeobjects.com/DWELLY_64_7.jpeg,0,4,1,14431
950,64,https://dwelly.ap-south-1.linodeobjects.com/DWELLY_64_8.jpeg,0,9,1,94014
951,41,https://dwelly.ap-south-1.linodeobjects.com/DWELLY_41_6.jpeg,1,1,1,65471
952,41,https://dwelly.ap-south-1.linodeobjects.com/DWELLY_41_7.jpeg,0,2,1,69440
953,41,https://dwelly.ap-south-1.linodeobjects.com/DWELLY_41_8.jpeg,0,3,1,78559
954,41,https://dwelly.ap-south-1.linodeobjects.com/DWELLY_41_9.jpeg,0,6,1,74700
955,41,https://dwelly.ap-south-1.linodeobjects.com/DWELLY_41_10.jpeg,0,7,1,87998
956,41,https://dwelly.ap-south-1.linodeobjects.com/DWELLY_41_11.jpeg,0,4,1,89693
957,41,https://dwelly.ap-south-1.linodeobjects.com/DWELLY_41_12.jpeg,0,8,1,95638
958,41,https://dwelly.ap-south-1.linodeobjects.com/DWELLY_41_13.jpeg,0,9,1,3522
959,41,https://dwelly.ap-south-1.linodeobjects.com/DWELLY_41_14.jpeg,0,13,1,66529
960,41,https://dwelly.ap-south-1.linodeobjects.com/DWELLY_41_15.jpeg,0,10,1,72939
961,41,https://dwelly.ap-south-1.linodeobjects.com/DWELLY_41_16.jpeg,0,11,1,61675
962,41,https://dwelly.ap-south-1.linodeobjects.com/DWELLY_41_17.jpeg,0,14,1,17162
963,41,https://dwelly.ap-south-1.linodeobjects.com/DWELLY_41_18.jpeg,0,15,1,49045
964,41,https://dwelly.ap-south-1.linodeobjects.com/DWELLY_41_19.jpeg,0,12,1,68909
965,41,https://dwelly.ap-south-1.linodeobjects.com/DWELLY_41_20.jpeg,0,5,1,27141
966,44,https://dwelly.ap-south-1.linodeobjects.com/DWELLY_44_11.jpeg,1,1,1,57810
967,47,https://dwelly.ap-south-1.linodeobjects.com/DWELLY_47_14.jpeg,0,19,1,9786
968,47,https://dwelly.ap-south-1.linodeobjects.com/DWELLY_47_15.jpeg,0,20,1,64590
969,47,https://dwelly.ap-south-1.linodeobjects.com/DWELLY_47_16.jpeg,0,21,1,58569
970,47,https://dwelly.ap-south-1.linodeobjects.com/DWELLY_47_17.jpeg,0,36,1,19646
971,47,https://dwelly.ap-south-1.linodeobjects.com/DWELLY_47_18.jpeg,0,34,1,13277
972,47,https://dwelly.ap-south-1.linodeobjects.com/DWELLY_47_19.jpeg,0,24,1,58765
973,47,https://dwelly.ap-south-1.linodeobjects.com/DWELLY_47_20.jpeg,0,7,1,18332
974,47,https://dwelly.ap-south-1.linodeobjects.com/DWELLY_47_21.jpeg,0,30,1,97311
975,47,https://dwelly.ap-south-1.linodeobjects.com/DWELLY_47_22.jpeg,0,25,1,5719
976,47,https://dwelly.ap-south-1.linodeobjects.com/DWELLY_47_23.jpeg,0,27,1,77544
977,47,https://dwelly.ap-south-1.linodeobjects.com/DWELLY_47_24.jpeg,0,28,1,48271
978,47,https://dwelly.ap-south-1.linodeobjects.com/DWELLY_47_25.jpeg,0,29,1,16106
979,47,https://dwelly.ap-south-1.linodeobjects.com/DWELLY_47_26.jpeg,0,33,1,3190
981,77,https://dwelly.ap-south-1.linodeobjects.com/DWELLY_77_0.jpeg,0,3,1,57744
982,77,https://dwelly.ap-south-1.linodeobjects.com/DWELLY_77_1.jpeg,1,1,1,49077
983,77,https://dwelly.ap-south-1.linodeobjects.com/DWELLY_77_2.jpeg,0,4,1,3257
984,77,https://dwelly.ap-south-1.linodeobjects.com/DWELLY_77_3.jpeg,0,2,1,47513
987,79,https://dwelly.ap-south-1.linodeobjects.com/DWELLY_79_0.jpeg,0,3,1,41192
988,79,https://dwelly.ap-south-1.linodeobjects.com/DWELLY_79_1.jpeg,0,4,1,3214
989,79,https://dwelly.ap-south-1.linodeobjects.com/DWELLY_79_2.jpeg,1,1,1,52971
990,79,https://dwelly.ap-south-1.linodeobjects.com/DWELLY_79_3.jpeg,0,2,1,52668
993,91,https://dwelly.ap-south-1.linodeobjects.com/DWELLY_91_0.jpeg,1,1,1,91192
994,91,https://dwelly.ap-south-1.linodeobjects.com/DWELLY_91_1.jpeg,0,2,1,20215
995,91,https://dwelly.ap-south-1.linodeobjects.com/DWELLY_91_2.jpeg,0,3,1,43825
996,91,https://dwelly.ap-south-1.linodeobjects.com/DWELLY_91_3.jpeg,0,4,1,26980
997,91,https://dwelly.ap-south-1.linodeobjects.com/DWELLY_91_4.jpeg,0,5,1,80802
998,91,https://dwelly.ap-south-1.linodeobjects.com/DWELLY_91_5.jpeg,0,6,1,30602
999,91,https://dwelly.ap-south-1.linodeobjects.com/DWELLY_91_6.jpeg,0,7,1,47238
1000,92,https://dwelly.ap-south-1.linodeobjects.com/DWELLY_92_0.jpeg,0,2,1,81394
1001,92,https://dwelly.ap-south-1.linodeobjects.com/DWELLY_92_1.jpeg,0,10,1,56139
1002,92,https://dwelly.ap-south-1.linodeobjects.com/DWELLY_92_2.jpeg,0,3,1,10993
1003,92,https://dwelly.ap-south-1.linodeobjects.com/DWELLY_92_3.jpeg,0,4,1,79038
1004,92,https://dwelly.ap-south-1.linodeobjects.com/DWELLY_92_4.jpeg,0,5,1,98629
1005,92,https://dwelly.ap-south-1.linodeobjects.com/DWELLY_92_5.jpeg,0,6,1,54158
1006,92,https://dwelly.ap-south-1.linodeobjects.com/DWELLY_92_6.jpeg,0,7,1,29343
1007,92,https://dwelly.ap-south-1.linodeobjects.com/DWELLY_92_7.jpeg,0,11,1,80668
1008,92,https://dwelly.ap-south-1.linodeobjects.com/DWELLY_92_8.jpeg,1,1,1,26212
1009,92,https://dwelly.ap-south-1.linodeobjects.com/DWELLY_92_9.jpeg,0,8,1,90525
1010,92,https://dwelly.ap-south-1.linodeobjects.com/DWELLY_92_10.jpeg,0,9,1,65992
1011,93,https://dwelly.ap-south-1.linodeobjects.com/DWELLY_93_0.jpeg,1,1,1,35621
1012,94,https://dwelly.ap-south-1.linodeobjects.com/DWELLY_94_0.jpeg,1,1,1,18998
1013,94,https://dwelly.ap-south-1.linodeobjects.com/DWELLY_94_1.jpeg,0,2,1,60142
1014,94,https://dwelly.ap-south-1.linodeobjects.com/DWELLY_94_2.jpeg,0,3,1,50805
1015,94,https://dwelly.ap-south-1.linodeobjects.com/DWELLY_94_3.jpeg,0,4,1,87047
1016,94,https://dwelly.ap-south-1.linodeobjects.com/DWELLY_94_4.jpeg,0,5,1,61070
1017,94,https://dwelly.ap-south-1.linodeobjects.com/DWELLY_94_5.jpeg,0,6,1,5679
1018,94,https://dwelly.ap-south-1.linodeobjects.com/DWELLY_94_6.jpeg,0,7,1,87422
1019,94,https://dwelly.ap-south-1.linodeobjects.com/DWELLY_94_7.jpeg,0,8,1,94787
1020,94,https://dwelly.ap-south-1.linodeobjects.com/DWELLY_94_8.jpeg,0,9,1,85870
1021,94,https://dwelly.ap-south-1.linodeobjects.com/DWELLY_94_9.jpeg,0,10,1,14329
1022,94,https://dwelly.ap-south-1.linodeobjects.com/DWELLY_94_10.jpeg,0,11,1,53357
1023,95,https://dwelly.ap-south-1.linodeobjects.com/DWELLY_95_0.jpeg,0,2,1,34413
1024,95,https://dwelly.ap-south-1.linodeobjects.com/DWELLY_95_1.jpeg,1,1,1,89213
1025,95,https://dwelly.ap-south-1.linodeobjects.com/DWELLY_95_2.jpeg,0,3,1,20184
1026,95,https://dwelly.ap-south-1.linodeobjects.com/DWELLY_95_3.jpeg,0,4,1,14271
1027,95,https://dwelly.ap-south-1.linodeobjects.com/DWELLY_95_4.jpeg,0,5,1,31952
1028,95,https://dwelly.ap-south-1.linodeobjects.com/DWELLY_95_5.jpeg,0,6,1,43117
1029,95,https://dwelly.ap-south-1.linodeobjects.com/DWELLY_95_6.jpeg,0,7,1,9047
1030,95,https://dwelly.ap-south-1.linodeobjects.com/DWELLY_95_7.jpeg,0,8,1,67531
1031,95,https://dwelly.ap-south-1.linodeobjects.com/DWELLY_95_8.jpeg,0,9,1,59315
1032,95,https://dwelly.ap-south-1.linodeobjects.com/DWELLY_95_9.jpeg,0,10,1,57937
1033,95,https://dwelly.ap-south-1.linodeobjects.com/DWELLY_95_10.jpeg,0,11,1,58004
1034,95,https://dwelly.ap-south-1.linodeobjects.com/DWELLY_95_11.jpeg,0,12,1,35898
1035,95,https://dwelly.ap-south-1.linodeobjects.com/DWELLY_95_12.jpeg,0,13,1,9155
1036,95,https://dwelly.ap-south-1.linodeobjects.com/DWELLY_95_13.jpeg,0,14,1,50456
1037,93,https://dwelly.ap-south-1.linodeobjects.com/DWELLY_93_1.jpeg,0,2,1,41270
1038,93,https://dwelly.ap-south-1.linodeobjects.com/DWELLY_93_2.jpeg,0,3,1,61246
1039,93,https://dwelly.ap-south-1.linodeobjects.com/DWELLY_93_3.jpeg,0,4,1,98714
1040,93,https://dwelly.ap-south-1.linodeobjects.com/DWELLY_93_4.jpeg,0,5,1,60259
1041,93,https://dwelly.ap-south-1.linodeobjects.com/DWELLY_93_5.jpeg,0,6,1,65363
1042,93,https://dwelly.ap-south-1.linodeobjects.com/DWELLY_93_6.jpeg,0,7,1,95212
1043,93,https://dwelly.ap-south-1.linodeobjects.com/DWELLY_93_7.jpeg,0,8,1,56167
1044,93,https://dwelly.ap-south-1.linodeobjects.com/DWELLY_93_8.jpeg,0,9,1,11763
1045,93,https://dwelly.ap-south-1.linodeobjects.com/DWELLY_93_9.jpeg,0,10,1,77958
1046,93,https://dwelly.ap-south-1.linodeobjects.com/DWELLY_93_10.jpeg,0,11,1,48841
1047,65,https://dwelly.ap-south-1.linodeobjects.com/DWELLY_65_20.jpeg,0,9,1,87654
1048,65,https://dwelly.ap-south-1.linodeobjects.com/DWELLY_65_21.jpeg,1,1,1,58541
1049,65,https://dwelly.ap-south-1.linodeobjects.com/DWELLY_65_22.jpeg,0,3,1,55369
1050,65,https://dwelly.ap-south-1.linodeobjects.com/DWELLY_65_23.jpeg,0,2,1,91726
1051,65,https://dwelly.ap-south-1.linodeobjects.com/DWELLY_65_24.jpeg,0,6,1,41593
1052,65,https://dwelly.ap-south-1.linodeobjects.com/DWELLY_65_25.jpeg,0,4,1,32814
1053,65,https://dwelly.ap-south-1.linodeobjects.com/DWELLY_65_26.jpeg,0,7,1,62320
1054,65,https://dwelly.ap-south-1.linodeobjects.com/DWELLY_65_27.jpeg,0,8,1,53872
1055,65,https://dwelly.ap-south-1.linodeobjects.com/DWELLY_65_28.jpeg,0,14,1,31162
1056,65,https://dwelly.ap-south-1.linodeobjects.com/DWELLY_65_29.jpeg,0,15,1,48767
1057,65,https://dwelly.ap-south-1.linodeobjects.com/DWELLY_65_30.jpeg,0,10,0,2113
1058,65,https://dwelly.ap-south-1.linodeobjects.com/DWELLY_65_31.jpeg,0,11,1,36177
1059,65,https://dwelly.ap-south-1.linodeobjects.com/DWELLY_65_32.jpeg,0,5,1,18864
1060,65,https://dwelly.ap-south-1.linodeobjects.com/DWELLY_65_33.jpeg,0,16,1,46862
1061,65,https://dwelly.ap-south-1.linodeobjects.com/DWELLY_65_34.jpeg,0,13,1,68096
1062,65,https://dwelly.ap-south-1.linodeobjects.com/DWELLY_65_35.jpeg,0,12,1,6640
1063,96,https://dwelly.ap-south-1.linodeobjects.com/DWELLY_96_0.jpeg,0,10,1,58477
1064,96,https://dwelly.ap-south-1.linodeobjects.com/DWELLY_96_1.jpeg,0,5,1,34144
1065,96,https://dwelly.ap-south-1.linodeobjects.com/DWELLY_96_2.jpeg,0,11,1,49921
1066,96,https://dwelly.ap-south-1.linodeobjects.com/DWELLY_96_3.jpeg,0,4,1,12051
1067,96,https://dwelly.ap-south-1.linodeobjects.com/DWELLY_96_4.jpeg,0,9,1,84204
1068,96,https://dwelly.ap-south-1.linodeobjects.com/DWELLY_96_5.jpeg,1,1,1,25965
1069,96,https://dwelly.ap-south-1.linodeobjects.com/DWELLY_96_6.jpeg,0,6,1,75636
1070,96,https://dwelly.ap-south-1.linodeobjects.com/DWELLY_96_7.jpeg,0,2,1,67692
1071,96,https://dwelly.ap-south-1.linodeobjects.com/DWELLY_96_8.jpeg,0,8,1,22443
1072,96,https://dwelly.ap-south-1.linodeobjects.com/DWELLY_96_9.jpeg,0,12,1,98056
1073,96,https://dwelly.ap-south-1.linodeobjects.com/DWELLY_96_10.jpeg,0,7,1,58929
1074,96,https://dwelly.ap-south-1.linodeobjects.com/DWELLY_96_11.jpeg,0,3,1,53001
1075,98,https://dwelly.ap-south-1.linodeobjects.com/DWELLY_98_0.jpeg,0,6,1,1278
1076,98,https://dwelly.ap-south-1.linodeobjects.com/DWELLY_98_1.jpeg,0,4,1,28798
1077,98,https://dwelly.ap-south-1.linodeobjects.com/DWELLY_98_2.jpeg,0,3,1,89575
1078,98,https://dwelly.ap-south-1.linodeobjects.com/DWELLY_98_3.jpeg,0,2,1,87208
1079,98,https://dwelly.ap-south-1.linodeobjects.com/DWELLY_98_4.jpeg,0,5,1,37432
1080,98,https://dwelly.ap-south-1.linodeobjects.com/DWELLY_98_5.jpeg,0,7,1,47061
1081,98,https://dwelly.ap-south-1.linodeobjects.com/DWELLY_98_6.jpeg,1,1,1,60986
1082,99,https://dwelly.ap-south-1.linodeobjects.com/DWELLY_99_0.jpeg,0,5,1,91739
1083,99,https://dwelly.ap-south-1.linodeobjects.com/DWELLY_99_1.jpeg,1,1,1,28601
1084,99,https://dwelly.ap-south-1.linodeobjects.com/DWELLY_99_2.jpeg,0,2,1,95319
1085,99,https://dwelly.ap-south-1.linodeobjects.com/DWELLY_99_3.jpeg,0,9,1,21955
1086,99,https://dwelly.ap-south-1.linodeobjects.com/DWELLY_99_4.jpeg,0,4,1,20671
1087,99,https://dwelly.ap-south-1.linodeobjects.com/DWELLY_99_5.jpeg,0,3,1,34533
1088,99,https://dwelly.ap-south-1.linodeobjects.com/DWELLY_99_6.jpeg,0,7,1,67508
1089,99,https://dwelly.ap-south-1.linodeobjects.com/DWELLY_99_7.jpeg,0,10,1,81875
1090,99,https://dwelly.ap-south-1.linodeobjects.com/DWELLY_99_8.jpeg,0,6,1,546
1091,99,https://dwelly.ap-south-1.linodeobjects.com/DWELLY_99_9.jpeg,0,8,1,79369
1092,99,https://dwelly.ap-south-1.linodeobjects.com/DWELLY_99_10.jpeg,0,11,1,96436
1093,97,https://dwelly.ap-south-1.linodeobjects.com/DWELLY_97_0.jpeg,0,4,1,17332
1094,97,https://dwelly.ap-south-1.linodeobjects.com/DWELLY_97_1.jpeg,0,5,1,90269
1095,97,https://dwelly.ap-south-1.linodeobjects.com/DWELLY_97_2.jpeg,0,7,1,18522
1096,97,https://dwelly.ap-south-1.linodeobjects.com/DWELLY_97_3.jpeg,0,6,1,78088
1097,97,https://dwelly.ap-south-1.linodeobjects.com/DWELLY_97_4.jpeg,0,8,1,21557
1098,97,https://dwelly.ap-south-1.linodeobjects.com/DWELLY_97_5.jpeg,0,9,1,38178
1099,97,https://dwelly.ap-south-1.linodeobjects.com/DWELLY_97_6.jpeg,0,3,1,33856
1100,97,https://dwelly.ap-south-1.linodeobjects.com/DWELLY_97_7.jpeg,0,2,1,21120
1101,97,https://dwelly.ap-south-1.linodeobjects.com/DWELLY_97_8.jpeg,1,1,1,32047
1102,79,https://dwelly.ap-south-1.linodeobjects.com/DWELLY_79_6.jpeg,0,5,1,90675
1103,79,https://dwelly.ap-south-1.linodeobjects.com/DWELLY_79_7.jpeg,0,6,1,60456
1104,79,https://dwelly.ap-south-1.linodeobjects.com/DWELLY_79_8.jpeg,0,7,1,17949
1105,79,https://dwelly.ap-south-1.linodeobjects.com/DWELLY_79_9.jpeg,0,8,1,14802
1106,79,https://dwelly.ap-south-1.linodeobjects.com/DWELLY_79_10.jpeg,0,9,1,85559
1107,79,https://dwelly.ap-south-1.linodeobjects.com/DWELLY_79_11.jpeg,0,10,1,88898
1108,77,https://dwelly.ap-south-1.linodeobjects.com/DWELLY_77_6.jpeg,0,5,1,80387
1109,77,https://dwelly.ap-south-1.linodeobjects.com/DWELLY_77_7.jpeg,0,7,1,70473
1110,77,https://dwelly.ap-south-1.linodeobjects.com/DWELLY_77_8.jpeg,0,8,1,11571
1111,77,https://dwelly.ap-south-1.linodeobjects.com/DWELLY_77_9.jpeg,0,9,1,86915
1112,77,https://dwelly.ap-south-1.linodeobjects.com/DWELLY_77_10.jpeg,0,6,1,9545
1113,77,https://dwelly.ap-south-1.linodeobjects.com/DWELLY_77_11.jpeg,0,10,1,33815
1114,77,https://dwelly.ap-south-1.linodeobjects.com/DWELLY_77_12.jpeg,0,11,1,18037
1115,100,https://dwelly.ap-south-1.linodeobjects.com/DWELLY_100_0.jpeg,0,7,1,81495
1116,100,https://dwelly.ap-south-1.linodeobjects.com/DWELLY_100_1.jpeg,0,11,1,47824
1118,100,https://dwelly.ap-south-1.linodeobjects.com/DWELLY_100_3.jpeg,0,14,1,12701
1119,100,https://dwelly.ap-south-1.linodeobjects.com/DWELLY_100_4.jpeg,0,15,1,23707
1120,100,https://dwelly.ap-south-1.linodeobjects.com/DWELLY_100_5.jpeg,0,16,1,98399
1121,100,https://dwelly.ap-south-1.linodeobjects.com/DWELLY_100_6.jpeg,0,2,1,78255
1122,100,https://dwelly.ap-south-1.linodeobjects.com/DWELLY_100_7.jpeg,0,10,1,64041
1123,100,https://dwelly.ap-south-1.linodeobjects.com/DWELLY_100_8.jpeg,0,9,1,57552
1124,100,https://dwelly.ap-south-1.linodeobjects.com/DWELLY_100_9.jpeg,0,17,1,17508
1125,100,https://dwelly.ap-south-1.linodeobjects.com/DWELLY_100_10.jpeg,0,3,1,81275
1126,100,https://dwelly.ap-south-1.linodeobjects.com/DWELLY_100_11.jpeg,0,12,1,61046
1127,100,https://dwelly.ap-south-1.linodeobjects.com/DWELLY_100_12.jpeg,0,21,1,78380
1128,100,https://dwelly.ap-south-1.linodeobjects.com/DWELLY_100_13.jpeg,0,5,1,88906
1129,100,https://dwelly.ap-south-1.linodeobjects.com/DWELLY_100_14.jpeg,0,19,1,86590
1130,100,https://dwelly.ap-south-1.linodeobjects.com/DWELLY_100_15.jpeg,0,13,1,53587
1131,100,https://dwelly.ap-south-1.linodeobjects.com/DWELLY_100_16.jpeg,0,18,1,59844
1132,100,https://dwelly.ap-south-1.linodeobjects.com/DWELLY_100_17.jpeg,0,22,1,29116
1133,100,https://dwelly.ap-south-1.linodeobjects.com/DWELLY_100_18.jpeg,0,23,1,44296
1134,100,https://dwelly.ap-south-1.linodeobjects.com/DWELLY_100_19.jpeg,1,1,1,57620
1135,100,https://dwelly.ap-south-1.linodeobjects.com/DWELLY_100_20.jpeg,0,8,1,12300
1136,100,https://dwelly.ap-south-1.linodeobjects.com/DWELLY_100_21.jpeg,0,6,1,82530
1137,100,https://dwelly.ap-south-1.linodeobjects.com/DWELLY_100_22.jpeg,0,22,1,71874
1138,101,https://dwelly.ap-south-1.linodeobjects.com/DWELLY_101_0.jpeg,0,5,1,34145
1139,101,https://dwelly.ap-south-1.linodeobjects.com/DWELLY_101_1.jpeg,0,8,1,65714
1140,101,https://dwelly.ap-south-1.linodeobjects.com/DWELLY_101_2.jpeg,0,2,1,72011
1141,101,https://dwelly.ap-south-1.linodeobjects.com/DWELLY_101_3.jpeg,0,6,1,81793
1142,101,https://dwelly.ap-south-1.linodeobjects.com/DWELLY_101_4.jpeg,0,4,1,57309
1143,101,https://dwelly.ap-south-1.linodeobjects.com/DWELLY_101_5.jpeg,1,1,1,21182
1144,102,https://dwelly.ap-south-1.linodeobjects.com/DWELLY_102_0.jpeg,1,1,1,71232
1145,102,https://dwelly.ap-south-1.linodeobjects.com/DWELLY_102_1.jpeg,0,2,1,3143
1146,102,https://dwelly.ap-south-1.linodeobjects.com/DWELLY_102_2.jpeg,0,3,1,8289
1147,102,https://dwelly.ap-south-1.linodeobjects.com/DWELLY_102_3.jpeg,0,4,1,50618
1148,102,https://dwelly.ap-south-1.linodeobjects.com/DWELLY_102_4.jpeg,0,5,1,78498
1149,102,https://dwelly.ap-south-1.linodeobjects.com/DWELLY_102_5.jpeg,0,6,1,59306
1150,102,https://dwelly.ap-south-1.linodeobjects.com/DWELLY_102_6.jpeg,0,7,1,61339
1151,102,https://dwelly.ap-south-1.linodeobjects.com/DWELLY_102_7.jpeg,0,8,1,22085
1152,102,https://dwelly.ap-south-1.linodeobjects.com/DWELLY_102_8.jpeg,0,9,1,42582
1153,102,https://dwelly.ap-south-1.linodeobjects.com/DWELLY_102_9.jpeg,0,10,1,299
1154,102,https://dwelly.ap-south-1.linodeobjects.com/DWELLY_102_10.jpeg,0,11,1,57412
1155,102,https://dwelly.ap-south-1.linodeobjects.com/DWELLY_102_11.jpeg,0,12,1,99887
1156,102,https://dwelly.ap-south-1.linodeobjects.com/DWELLY_102_12.jpeg,0,13,1,10637
1157,102,https://dwelly.ap-south-1.linodeobjects.com/DWELLY_102_13.jpeg,0,14,1,20717
1158,21,https://dwelly.ap-south-1.linodeobjects.com/DWELLY_21_0.jpeg,0,5,1,88886
1159,21,https://dwelly.ap-south-1.linodeobjects.com/DWELLY_21_1.jpeg,1,1,1,27231
1160,21,https://dwelly.ap-south-1.linodeobjects.com/DWELLY_21_2.jpeg,0,7,1,28336
1161,21,https://dwelly.ap-south-1.linodeobjects.com/DWELLY_21_3.jpeg,0,2,1,72551
1162,21,https://dwelly.ap-south-1.linodeobjects.com/DWELLY_21_4.jpeg,0,3,1,95230
1163,21,https://dwelly.ap-south-1.linodeobjects.com/DWELLY_21_5.jpeg,0,13,1,74732
1164,21,https://dwelly.ap-south-1.linodeobjects.com/DWELLY_21_6.jpeg,0,4,1,8263
1165,21,https://dwelly.ap-south-1.linodeobjects.com/DWELLY_21_7.jpeg,0,6,1,20454
1166,21,https://dwelly.ap-south-1.linodeobjects.com/DWELLY_21_8.jpeg,0,9,1,29269
1167,21,https://dwelly.ap-south-1.linodeobjects.com/DWELLY_21_9.jpeg,0,8,1,69898
1168,21,https://dwelly.ap-south-1.linodeobjects.com/DWELLY_21_10.jpeg,0,10,1,75727
1169,21,https://dwelly.ap-south-1.linodeobjects.com/DWELLY_21_11.jpeg,0,11,1,27653
1170,21,https://dwelly.ap-south-1.linodeobjects.com/DWELLY_21_12.jpeg,0,12,1,87885
